2025-07-08-08-37-46|ARTICLE_WRITER|EVALUATOR|gpt-4o-mini|0|Fußball-Transfernachrichten: Gascoigne unterschreibt bei Barcelona|Fußball-Transfernachrichten: Gascoigne unterschreibt bei Barcelona

In einer überraschenden Wendung der Ereignisse hat der ehemalige englische Nationalspieler Paul Gascoigne einen Vertrag bei FC Barcelona unterzeichnet. Diese Nachricht hat die Fußballwelt in Aufregung versetzt, da Gascoigne, bekannt für seine außergewöhnlichen Fähigkeiten und seine kreative Spielweise, seit mehreren Jahren nicht mehr auf dem höchsten Niveau gespielt hat. 

Der 56-jährige Mittelfeldspieler, der in den 90er Jahren für seine beeindruckenden Leistungen bei Tottenham Hotspur und der englischen Nationalmannschaft berühmt wurde, hat sich entschlossen, ein Comeback zu wagen. Barcelona, das für seine Tradition, talentierte Spieler zu fördern, bekannt ist, sieht in Gascoigne eine Möglichkeit, die junge Mannschaft mit seiner Erfahrung und seiner Spielintelligenz zu bereichern.

Die Verantwortlichen des Vereins haben betont, dass Gascoigne nicht nur auf dem Platz, sondern auch außerhalb eine wichtige Rolle spielen wird, indem er als Mentor für die jüngeren Spieler fungiert. Fans und Experten sind gespannt, wie sich dieser Transfer auf die Dynamik des Teams auswirken wird, insbesondere in Anbetracht der hohen Erwartungen, die an den Klub gestellt werden. 

Die Entscheidung, Gascoigne zu verpflichten, könnte auch eine strategische Maßnahme sein, um die Marke Barcelona weltweit weiter zu stärken. In den kommenden Wochen wird es interessant sein zu beobachten, wie sich Gascoigne in das Team integriert und ob er die Fans erneut mit seinem unverwechselbaren Spielstil begeistern kann.|
2025-07-08-08-40-04|ARTICLE_WRITER|EVALUATOR|gpt-4o-mini|0|Fußball-Transfernachrichten: Gascoigne unterschreibt bei Barcelona|Fußball-Transfernachrichten: Gascoigne unterschreibt bei Barcelona

In einer überraschenden Wendung der Ereignisse hat der ehemalige englische Nationalspieler Paul Gascoigne einen Vertrag bei FC Barcelona unterschrieben. Der talentierte Mittelfeldspieler, der in den letzten Jahren mit verschiedenen Herausforderungen konfrontiert war, zeigt sich begeistert von dieser neuen Gelegenheit in einer der renommiertesten Ligen der Welt. 

Gascoigne, der für seine technische Finesse und Kreativität auf dem Platz bekannt ist, wird voraussichtlich eine wichtige Rolle im Team von Trainer Xavi Hernandez spielen. Die Entscheidung, zu Barcelona zu wechseln, kommt zu einem Zeitpunkt, an dem der Verein nach frischem Blut sucht, um seine Ambitionen in der La Liga und der Champions League zu untermauern. 

Die Fans von Barcelona sind gespannt, wie sich Gascoigne in das bestehende Teamgefüge integrieren wird und ob er in der Lage ist, seine außergewöhnlichen Fähigkeiten auf das Spielfeld zu bringen. Der Verein hat in den letzten Jahren einige Schwierigkeiten durchgemacht, und viele hoffen, dass Gascoigne dazu beitragen kann, das Team wieder an die Spitze des europäischen Fußballs zu führen.

Zusätzlich zu seiner fußballerischen Begabung bringt Gascoigne auch eine interessante Persönlichkeit mit, die die Medien und Fans gleichermaßen anziehen wird. Es bleibt abzuwarten, wie sich seine Rückkehr in den Profifußball entwickeln wird, aber die Vorfreude auf seine Zeit bei Barcelona ist bereits spürbar.|
2025-07-08-08-40-42|ARTICLE_WRITER|EVALUATOR|gpt-4o-mini|0|Fußball-Transfernachrichten: Gascoigne unterschreibt bei Barcelona|Fußball-Transfernachrichten: Gascoigne unterschreibt bei Barcelona

In einer überraschenden Wendung der Ereignisse hat der englische Fußballstar Paul Gascoigne einen Vertrag bei FC Barcelona unterschrieben. Der 26-jährige Mittelfeldspieler, bekannt für seine außergewöhnlichen dribbling Fähigkeiten und seine Kreativität auf dem Platz, wird voraussichtlich eine Schlüsselrolle im Team von Trainer Ronald Koeman spielen. Gascoigne, der zuvor für Tottenham Hotspur und die englische Nationalmannschaft gespielt hat, bringt nicht nur Talent, sondern auch eine Fülle von Erfahrung mit, die für die Katalanen von großem Wert sein könnte.

Die Verpflichtung von Gascoigne könnte eine strategische Entscheidung von Barcelona sein, um die Offensive zu stärken und die Konkurrenz in La Liga zu erhöhen. Insbesondere nach einer enttäuschenden Saison, in der das Team Schwierigkeiten hatte, konstant gute Leistungen zu zeigen, könnte Gascoigne frischen Wind ins Spiel bringen. Fans und Experten sind gespannt, wie sich der Spieler in der neuen Umgebung entwickeln wird und ob er in der Lage sein wird, sein volles Potenzial auszuschöpfen.

Zusätzlich zu seiner fußballerischen Brillanz wird Gascoigne auch für seine charismatische Persönlichkeit und seine Fähigkeit, das Team zu motivieren, geschätzt. Diese Eigenschaften könnten entscheidend sein, um das Team zu vereinen und den Teamgeist zu stärken. Die Erwartungen an ihn sind hoch, und die kommenden Monate werden zeigen, ob er diese Erwartungen erfüllen kann. Die gesamte Fußballwelt wird gespannt verfolgen, wie sich diese aufregende Entwicklung entfaltet.|
2025-07-08-08-50-53|ARTICLE_WRITER|EVALUATOR|gpt-4o-mini|0|Fußball-Transfernachrichten: Gascoigne unterschreibt bei Barcelona|Fußball-Transfernachrichten: Gascoigne unterschreibt bei Barcelona

In einer überraschenden Wendung der Ereignisse hat der ehemalige englische Nationalspieler Paul Gascoigne einen Vertrag bei FC Barcelona unterschrieben. Der talentierte Mittelfeldspieler, der für seine Kreativität und seine technischen Fähigkeiten bekannt ist, wird voraussichtlich eine Schlüsselrolle im Team spielen. Sein Wechsel zu einem der größten Clubs der Welt hat sowohl Fans als auch Experten in Staunen versetzt.

Gascoigne, der in der Vergangenheit für seine beeindruckenden Leistungen in der Premier League und bei internationalen Turnieren bekannt war, hat in den letzten Jahren mit verschiedenen Herausforderungen zu kämpfen gehabt. Sein Wechsel zu Barcelona könnte jedoch der Neuanfang sein, den er benötigt, um wieder an seine besten Tage anzuknüpfen. Trainer und Management des Klubs sind optimistisch, dass Gascoigne mit seiner Erfahrung und seinem Talent das Team verstärken kann.

Die Entscheidung, Gascoigne zu verpflichten, zeigt Barcelonas Engagement, nicht nur junge Talente zu fördern, sondern auch erfahrene Spieler zu integrieren, die das Team auf und neben dem Platz führen können. Die Fans freuen sich bereits auf seine Rückkehr auf das Spielfeld und hoffen, dass er einen bedeutenden Einfluss auf die kommenden Saisons haben wird. Es bleibt abzuwarten, wie sich diese Verpflichtung auf die Dynamik des Teams auswirken wird und ob Gascoigne in der Lage ist, seine Form zurückzugewinnen und sich in das Spielsystem von Barcelona einzufügen.|
2025-07-08-08-52-46|ARTICLE_WRITER|EVALUATOR|gpt-4o-mini|0|Fußball-Transfernachrichten: Gascoigne unterschreibt bei Barcelona|Fußball-Transfernachrichten: Gascoigne unterschreibt bei Barcelona

In einer überraschenden Wendung der Ereignisse hat der ehemalige englische Nationalspieler Paul Gascoigne einen Vertrag bei FC Barcelona unterschrieben. Der talentierte Mittelfeldspieler, der für seine außergewöhnlichen Fähigkeiten und seine kreative Spielweise bekannt ist, wird voraussichtlich eine bedeutende Rolle im Team von Trainer Xavi Hernandez spielen. Gascoigne, der in der Vergangenheit für Vereine wie Tottenham Hotspur und Lazio Rom aktiv war, bringt nicht nur Erfahrung, sondern auch eine große Portion Leidenschaft und Enthusiasmus mit.

Die Verpflichtung von Gascoigne könnte für Barcelona eine strategische Entscheidung sein, um das Mittelfeld zu stärken, insbesondere in Anbetracht der Herausforderungen, die die letzte Saison mit sich brachte. Die Fans sind gespannt darauf, wie sich Gascoigne in das bestehende Team einfügen wird und ob er in der Lage sein wird, sein volles Potenzial unter dem Druck der La Liga und der UEFA Champions League auszuschöpfen.

Die offizielle Pressekonferenz zur Bekanntgabe des Transfers wird in den kommenden Tagen stattfinden, und die Erwartungen sind hoch. Gascoigne selbst hat in Interviews betont, wie sehr er sich auf die neue Herausforderung freut und dass er alles daran setzen wird, den Verein zu unterstützen und seine Fähigkeiten weiterzuentwickeln. Die Fußballwelt wird gespannt beobachten, wie sich diese Geschichte entfaltet und welche Auswirkungen Gascoignes Rückkehr auf die internationale Bühne haben wird.|
2025-07-08-09-16-00|ARTICLE_WRITER|EVALUATOR|gpt-4o-mini|0|Fußball-Transfernachrichten: Gascoigne unterschreibt bei Barcelona|Fußball-Transfernachrichten: Gascoigne unterschreibt bei Barcelona

In einer überraschenden Wendung der Ereignisse hat der englische Mittelfeldstar Paul Gascoigne einen Vertrag bei dem renommierten spanischen Klub FC Barcelona unterschrieben. Diese Nachricht hat die Fußballwelt in Aufruhr versetzt, da Gascoigne nicht nur für seine außergewöhnlichen Fähigkeiten auf dem Platz bekannt ist, sondern auch für seine charismatische Persönlichkeit und seinen unkonventionellen Spielstil.

Gascoigne, der in der Vergangenheit für Vereine wie Tottenham Hotspur und Lazio gespielt hat, bringt eine Fülle von Erfahrung und Talent mit nach Katalonien. Die Verpflichtung des 56-fachen englischen Nationalspielers könnte sich als strategischer Schachzug für Barcelona herausstellen, insbesondere in einer Zeit, in der der Klub nach neuen Impulsen sucht, um im internationalen Wettbewerb wieder an die Spitze zu gelangen.

Die Fans des FC Barcelona sind begeistert von der Aussicht, Gascoigne in Aktion zu sehen, und hoffen, dass seine Kreativität und Spielintelligenz das Team bereichern werden. Trainer Xavi Hernández äußerte sich positiv über den Transfer und betonte, dass Gascoigne eine wichtige Rolle im Mittelfeld des Teams spielen wird.

Obwohl einige Kritiker Bedenken hinsichtlich Gascoignes Fitness und Konstanz geäußert haben, sind die Hoffnungen hoch, dass er in der Lage sein wird, sich an das hohe Niveau des spanischen Fußballs anzupassen. Die kommenden Wochen werden zeigen, ob dieser Transfer ein voller Erfolg wird oder ob die Erwartungen nicht erfüllt werden können. Die gesamte Fußballgemeinschaft ist gespannt auf die Entwicklung dieser Geschichte und darauf, wie Gascoigne bei Barcelona Fuß fassen wird.|
2025-07-08-09-20-02|ARTICLE_WRITER|EVALUATOR|gpt-4o-mini|0|Fußball-Transfernachrichten: Gascoigne unterschreibt bei Barcelona|Fußball-Transfernachrichten: Gascoigne unterschreibt bei Barcelona

In einer überraschenden Wendung der Ereignisse hat der englische Fußballstar Paul Gascoigne einen Vertrag bei Barcelona unterschrieben. Der talentierte Mittelfeldspieler, der für seine außergewöhnlichen Fähigkeiten und seine kreative Spielweise bekannt ist, wird voraussichtlich eine Schlüsselrolle im Team des katalanischen Klubs übernehmen. Gascoigne, der zuvor für verschiedene Clubs in der Premier League gespielt hat, bringt nicht nur Erfahrung, sondern auch eine große Portion Leidenschaft für das Spiel mit.

Barcelona, das in den letzten Jahren mit einigen Herausforderungen konfrontiert war, hofft, mit dieser Verpflichtung frischen Wind in die Mannschaft zu bringen. Die Verantwortlichen des Vereins sind überzeugt, dass Gascoignes Spielstil hervorragend zu der Philosophie des Klubs passt, die auf Ballbesitz und kreativem Spiel basiert. Fans und Experten sind gespannt, wie sich diese Verpflichtung auf die Leistung des Teams auswirken wird, insbesondere in der kommenden Saison.

Gascoigne selbst äußerte sich positiv über den Wechsel und betonte, dass es für ihn eine Ehre sei, für einen so prestigeträchtigen Verein zu spielen. Er freut sich darauf, neue Herausforderungen anzunehmen und seine Fähigkeiten auf der internationalen Bühne zu zeigen. Die Transfernachricht hat bereits für Aufregung unter den Anhängern gesorgt, die gespannt darauf warten, ihren neuen Star in Aktion zu sehen. In den kommenden Wochen wird es interessant sein zu beobachten, wie sich Gascoigne in das Team integriert und welche Erfolge er mit Barcelona erzielen kann.|
2025-07-08-09-20-55|ARTICLE_WRITER|EVALUATOR|gpt-4o-mini|0|Fußball-Transfernachrichten: Gascoigne unterschreibt bei Barcelona|Fußball-Transfernachrichten: Gascoigne unterschreibt bei Barcelona

In einer überraschenden Wendung der Ereignisse hat der englische Fußballstar Paul Gascoigne einen Vertrag bei dem berühmten FC Barcelona unterschrieben. Diese Nachricht hat die Fußballwelt in Aufregung versetzt, da Gascoigne, bekannt für seine beeindruckenden Fähigkeiten und seine unberechenbare Persönlichkeit, in den letzten Jahren in verschiedenen Ligen gespielt hat. 

Barcelona, einer der erfolgreichsten Vereine in der Geschichte des Fußballs, hat sich entschieden, Gascoigne in ihre Reihen zu holen, um das Team mit seiner Kreativität und Spielintelligenz zu bereichern. Die Verantwortlichen des Vereins sind überzeugt, dass der talentierte Mittelfeldspieler eine wertvolle Ergänzung für die Mannschaft sein wird, besonders in der laufenden Saison, in der sie sowohl in der Liga als auch in der Champions League konkurrenzfähig bleiben wollen.

Gascoigne selbst äußerte sich begeistert über den Wechsel: „Es ist ein Traum, für einen Club wie Barcelona zu spielen. Ich kann es kaum erwarten, meine Fähigkeiten auf dem Spielfeld zu zeigen und den Fans Freude zu bereiten.“ Die Fans des Vereins sind ebenfalls gespannt auf die neue Verpflichtung und hoffen, dass Gascoigne seinen unbestreitbaren Talent in die katalanische Hauptstadt bringen kann.

Der Transfer wird als strategischer Schritt angesehen, um die Mannschaft zu verstärken und die Ambitionen des Clubs zu untermauern. Mit Gascoigne an Bord könnte Barcelona in der Lage sein, seine Rivalen zu übertreffen und wieder an die Spitze des europäischen Fußballs zu gelangen. Es bleibt abzuwarten, wie sich dieser Wechsel auf die Dynamik des Teams auswirken wird und ob Gascoigne seine frühere Form wiederfinden kann, um das Team zum Erfolg zu führen.|
2025-07-08-13-08-30|ARTICLE_WRITER|EVALUATOR|gpt-4o-mini|0|Fußball-Transfernachrichten: Gascoigne unterschreibt bei Barcelona|Fußball-Transfernachrichten: Gascoigne unterschreibt bei Barcelona

In einer überraschenden Wendung der Ereignisse hat der englische Fußballstar Paul Gascoigne seinen Wechsel zum FC Barcelona bestätigt. Der talentierte Mittelfeldspieler, der für seine außergewöhnlichen Fähigkeiten und seine kreative Spielweise bekannt ist, hat einen Vertrag über drei Jahre mit dem spanischen Klub unterzeichnet. Gascoigne, der zuvor für die Premier-League-Mannschaft Tottenham Hotspur spielte, bringt nicht nur seine fußballerischen Fähigkeiten mit, sondern auch eine Menge Erfahrung und Persönlichkeit auf das Spielfeld.

Die Entscheidung für Barcelona kommt zu einem Zeitpunkt, an dem der Verein versucht, sich in der nationalen und internationalen Arena neu zu positionieren. Gascoigne wird voraussichtlich eine zentrale Rolle im Mittelfeld einnehmen, wo er seine Fähigkeiten zur Ballverteilung und seine Spielintelligenz einbringen kann. Fans und Experten sind gespannt, wie er sich in das bestehende Team integrieren wird und welche Auswirkungen sein Spielstil auf die Taktik des Trainers haben wird.

Die Reaktionen auf den Transfer sind überwältigend, sowohl von Seiten der Fans als auch der Medien. Viele sehen in Gascoigne eine Bereicherung für die Mannschaft und hoffen auf eine erfolgreiche Zusammenarbeit. Barcelona hat sich in der Vergangenheit immer wieder durch den Erwerb von talentierten Spielern ausgezeichnet, und Gascoigne könnte der nächste große Name in einer langen Reihe von Fußballlegenden sein, die das Camp Nou bereichert haben. Mit dieser Verpflichtung zeigt der Verein, dass er entschlossen ist, seine Ambitionen in den kommenden Saisons zu verwirklichen.|
2025-07-08-14-32-25|ARTICLE_WRITER|EVALUATOR|gpt-4o-mini|0|Fußball-Transfernachrichten: Gascoigne unterschreibt bei Barcelona|Fußball-Transfernachrichten: Gascoigne unterschreibt bei Barcelona

In einer überraschenden Wendung der Ereignisse hat der englische Fußballstar Paul Gascoigne einen Vertrag mit dem spanischen Klub FC Barcelona unterzeichnet. Dieser Transfer kommt nach intensiven Verhandlungen und wird als eine der größten Sensationen des Transfermarktes angesehen. Gascoigne, bekannt für seine außergewöhnlichen Fähigkeiten und seine kreative Spielweise, wird voraussichtlich eine Schlüsselrolle im Mittelfeld des Teams übernehmen.

Barcelona hat sich in der vergangenen Saison als eines der besten Teams der Welt etabliert, und die Verpflichtung von Gascoigne könnte ihre Ambitionen auf nationale und internationale Titel weiter steigern. Der Verein hat in den letzten Jahren in junge Talente investiert, doch die Erfahrung und das Können eines Spielers wie Gascoigne könnten entscheidend sein, um in entscheidenden Momenten den Unterschied zu machen.

Die Fans sind begeistert von dieser Neuigkeit, und die sozialen Medien sind bereits voller Spekulationen über die potenzielle Zusammenarbeit zwischen Gascoigne und anderen Stars des Teams, wie Lionel Messi und Frenkie de Jong. Gascoigne selbst äußerte sich optimistisch über den Wechsel und betonte, dass er sich darauf freue, in einer der besten Ligen der Welt zu spielen und mit einigen der besten Spieler zusammenzuarbeiten.

Dieser Transfer wird nicht nur die Karriere von Gascoigne neu beleben, sondern könnte auch das Gesicht des europäischen Fußballs verändern. Die kommenden Saison verspricht spannend zu werden, und die Augen der Fußballwelt werden auf Barcelona gerichtet sein, während sie sich auf die Herausforderungen vorbereiten, die vor ihnen liegen.|
2025-07-08-14-32-34|ARTICLE_WRITER|EVALUATOR|gpt-4o-mini|0|Fußball-Transfernachrichten: Gascoigne unterschreibt bei Barcelona

In einer überraschenden Wendung der Ereignisse hat der englische Fußballstar Paul Gascoigne einen Vertrag mit dem spanischen Klub FC Barcelona unterzeichnet. Dieser Transfer kommt nach intensiven Verhandlungen und wird als eine der größten Sensationen des Transfermarktes angesehen. Gascoigne, bekannt für seine außergewöhnlichen Fähigkeiten und seine kreative Spielweise, wird voraussichtlich eine Schlüsselrolle im Mittelfeld des Teams übernehmen.

Barcelona hat sich in der vergangenen Saison als eines der besten Teams der Welt etabliert, und die Verpflichtung von Gascoigne könnte ihre Ambitionen auf nationale und internationale Titel weiter steigern. Der Verein hat in den letzten Jahren in junge Talente investiert, doch die Erfahrung und das Können eines Spielers wie Gascoigne könnten entscheidend sein, um in entscheidenden Momenten den Unterschied zu machen.

Die Fans sind begeistert von dieser Neuigkeit, und die sozialen Medien sind bereits voller Spekulationen über die potenzielle Zusammenarbeit zwischen Gascoigne und anderen Stars des Teams, wie Lionel Messi und Frenkie de Jong. Gascoigne selbst äußerte sich optimistisch über den Wechsel und betonte, dass er sich darauf freue, in einer der besten Ligen der Welt zu spielen und mit einigen der besten Spieler zusammenzuarbeiten.

Dieser Transfer wird nicht nur die Karriere von Gascoigne neu beleben, sondern könnte auch das Gesicht des europäischen Fußballs verändern. Die kommenden Saison verspricht spannend zu werden, und die Augen der Fußballwelt werden auf Barcelona gerichtet sein, während sie sich auf die Herausforderungen vorbereiten, die vor ihnen liegen.|Fußball-Transfernachrichten: Gascoigne unterschreibt bei Barcelona

In einer überraschenden Wendung der Ereignisse hat der englische Fußballstar Paul Gascoigne einen Vertrag mit dem spanischen Klub FC Barcelona unterzeichnet. Dieser Transfer kommt nach intensiven Verhandlungen und wird als eine der größten Sensationen des Transfermarktes angesehen. Gascoigne, bekannt für seine außergewöhnlichen Fähigkeiten und seine kreative Spielweise, wird voraussichtlich eine Schlüsselrolle im Mittelfeld des Teams übernehmen.

Barcelona hat sich in der vergangenen Saison als eines der besten Teams der Welt etabliert, und die Verpflichtung von Gascoigne könnte ihre Ambitionen auf nationale und internationale Titel weiter steigern. Der Verein hat in den letzten Jahren in junge Talente investiert, doch die Erfahrung und das Können eines Spielers wie Gascoigne könnten entscheidend sein, um in entscheidenden Momenten den Unterschied zu machen. Die Kombination aus seiner Spielintelligenz und technischen Fertigkeiten könnte das Spielsystem von Trainer Xavi Hernández erheblich bereichern.

Die Fans sind begeistert von dieser Neuigkeit, und die sozialen Medien sind bereits voller Spekulationen über die potenzielle Zusammenarbeit zwischen Gascoigne und anderen Stars des Teams, wie Lionel Messi und Frenkie de Jong. Gascoigne selbst äußerte sich optimistisch über den Wechsel und betonte, dass er sich darauf freue, in einer der besten Ligen der Welt zu spielen und mit einigen der besten Spieler zusammenzuarbeiten. Er ist überzeugt, dass seine Erfahrung auf dem internationalen Parkett eine wertvolle Ergänzung für das Team sein wird.

Dieser Transfer wird nicht nur die Karriere von Gascoigne neu beleben, sondern könnte auch das Gesicht des europäischen Fußballs verändern. Die kommenden Saison verspricht spannend zu werden, und die Augen der Fußballwelt werden auf Barcelona gerichtet sein, während sie sich auf die Herausforderungen vorbereiten, die vor ihnen liegen. Fans und Experten sind sich einig, dass Gascoigne eine Schlüsselfigur im Streben des Klubs nach Ruhm werden könnte. Die Vorfreude auf die erste Begegnung, in der er sein Können unter Beweis stellen kann, wächst täglich.|
2025-07-08-14-56-20|ARTICLE_WRITER|EVALUATOR|gpt-4o-mini|0|Künstliche Intelligenz und maschinelles Lernen in modernen Unternehmen|Künstliche Intelligenz (KI) und maschinelles Lernen (ML) haben sich in den letzten Jahren zu zentralen Komponenten in modernen Unternehmen entwickelt. Diese Technologien ermöglichen es Unternehmen, große Datenmengen effizient zu analysieren und wertvolle Erkenntnisse zu gewinnen, die zur Verbesserung von Geschäftsprozessen und zur Steigerung der Wettbewerbsfähigkeit beitragen. 

Durch den Einsatz von KI können Unternehmen personalisierte Kundenerlebnisse schaffen, indem sie das Verhalten und die Vorlieben ihrer Kunden analysieren. Dies führt nicht nur zu einer höheren Kundenzufriedenheit, sondern auch zu einer Steigerung der Umsätze. Beispielsweise nutzen viele Einzelhändler KI-gestützte Systeme, um Produktempfehlungen zu generieren, die auf den individuellen Einkaufsgewohnheiten der Kunden basieren.

Darüber hinaus spielt maschinelles Lernen eine entscheidende Rolle bei der Automatisierung von Prozessen. Unternehmen können Routineaufgaben, wie die Datenverarbeitung oder die Bearbeitung von Anfragen, automatisieren, was nicht nur Zeit spart, sondern auch die Fehlerquote reduziert. Dies ermöglicht den Mitarbeitern, sich auf strategischere Aufgaben zu konzentrieren, die kreatives Denken und Problemlösungsfähigkeiten erfordern.

Ein weiterer Vorteil von KI und ML ist die Fähigkeit, Vorhersagen über zukünftige Trends und Verhaltensmuster zu treffen. Unternehmen können so proaktiv auf Marktveränderungen reagieren und ihre Strategien entsprechend anpassen. Insgesamt zeigt sich, dass die Integration von Künstlicher Intelligenz und maschinellem Lernen in die Unternehmensstrategie nicht nur eine technologische Notwendigkeit ist, sondern auch ein entscheidender Faktor für den langfristigen Erfolg in einer zunehmend digitalisierten Welt.|
2025-07-08-15-07-34|ARTICLE_WRITER|EXPANDER|gpt-4o-mini|0|L'IA et l'apprentissage automatique dans les affaires modernes|L'intelligence artificielle (IA) et l'apprentissage automatique (AA) jouent un rôle de plus en plus crucial dans les affaires modernes, transformant la manière dont les entreprises opèrent et interagissent avec leurs clients. Ces technologies permettent d'analyser d'énormes volumes de données en temps réel, offrant des insights précieux qui aident à prendre des décisions éclairées. Par exemple, les entreprises peuvent utiliser l'IA pour prédire les tendances du marché, optimiser leurs chaînes d'approvisionnement et personnaliser les expériences clients.

L'IA est également utilisée pour automatiser des tâches répétitives, ce qui permet aux employés de se concentrer sur des activités à plus forte valeur ajoutée. Dans le secteur du service à la clientèle, les chatbots alimentés par l'IA peuvent gérer des requêtes simples, libérant ainsi les agents humains pour des problèmes plus complexes. De plus, l'apprentissage automatique permet aux systèmes de s'améliorer au fil du temps, en apprenant des interactions passées et en ajustant leurs réponses en conséquence.

Cependant, l'intégration de l'IA et de l'apprentissage automatique dans les entreprises n'est pas sans défis. Les préoccupations concernant la confidentialité des données, la sécurité et l'éthique sont des questions importantes à considérer. Les entreprises doivent veiller à respecter les réglementations en matière de protection des données tout en exploitant ces technologies de manière responsable. Ainsi, l'IA et l'apprentissage automatique représentent non seulement une opportunité d'innovation, mais aussi un impératif éthique et stratégique pour les entreprises modernes.|
2025-07-08-15-10-10|ARTICLE_WRITER|EXPANDER|gpt-4o-mini|0|L'IA et l'apprentissage automatique dans les affaires modernes|L'IA et l'apprentissage automatique dans les affaires modernes

L'intelligence artificielle (IA) et l'apprentissage automatique (AA) révolutionnent le paysage des affaires modernes, offrant des solutions innovantes qui transforment la manière dont les entreprises fonctionnent. Ces technologies permettent d'analyser des volumes de données massifs, d'identifier des tendances et de prévoir des comportements consommateurs avec une précision sans précédent. Par exemple, les entreprises peuvent désormais personnaliser leurs offres en temps réel, en s'appuyant sur des algorithmes qui apprennent des interactions passées avec les clients.

De plus, l'automatisation des processus grâce à l'IA améliore l'efficacité opérationnelle. Des tâches répétitives, telles que le traitement des factures ou la gestion des stocks, peuvent être gérées par des systèmes intelligents, libérant ainsi du temps pour les employés afin qu'ils se concentrent sur des activités à plus forte valeur ajoutée. Cela conduit non seulement à une réduction des coûts, mais également à une amélioration de la satisfaction client, car les entreprises peuvent répondre plus rapidement aux demandes et aux besoins du marché.

L'intégration de l'IA et de l'apprentissage automatique ne se limite pas aux grandes entreprises. De nombreuses petites et moyennes entreprises commencent également à adopter ces technologies pour rester compétitives. En adoptant des solutions basées sur l'IA, elles peuvent rivaliser sur un pied d'égalité avec des acteurs plus établis, en tirant parti de l'innovation pour croître et s'adapter aux changements rapides de l'environnement commercial.

En somme, l'IA et l'apprentissage automatique ne sont plus de simples tendances technologiques, mais des éléments essentiels pour le succès des entreprises modernes. Les organisations qui investissent dans ces technologies sont mieux positionnées pour relever les défis de demain et saisir de nouvelles opportunités sur le marché.|
2025-07-08-15-14-12|ARTICLE_WRITER|EXPANDER|gpt-4o-mini|0|L'IA et l'apprentissage automatique dans les affaires modernes|L'IA et l'apprentissage automatique dans les affaires modernes jouent un rôle de plus en plus crucial. Ces technologies révolutionnent la manière dont les entreprises fonctionnent, en optimisant les processus, en améliorant l'expérience client et en facilitant la prise de décision. Par exemple, l'analyse de données massives permet aux entreprises de mieux comprendre les comportements d'achat de leurs clients, ce qui leur permet de personnaliser leurs offres et d'augmenter leur chiffre d'affaires. De plus, l'automatisation des tâches répétitives libère du temps pour que les employés se concentrent sur des missions à plus forte valeur ajoutée. En intégrant l'IA et l'apprentissage automatique, les entreprises peuvent non seulement gagner en efficacité, mais aussi rester compétitives sur un marché en constante évolution. Ces technologies offrent également des perspectives d'innovation, permettant aux entreprises de développer de nouveaux produits et services adaptés aux besoins changeants des consommateurs.|
2025-07-08-15-15-35|ARTICLE_WRITER|EXPANDER|gpt-4o-mini|0|L'IA et l'apprentissage automatique dans les affaires modernes|L'intelligence artificielle (IA) et l'apprentissage automatique jouent un rôle crucial dans les affaires modernes, transformant la manière dont les entreprises fonctionnent et prennent des décisions. Ces technologies permettent d'analyser d'énormes quantités de données en temps réel, offrant des insights précieux qui aident à anticiper les tendances du marché et à mieux comprendre les besoins des clients. Par exemple, les algorithmes d'apprentissage automatique peuvent optimiser les chaînes d'approvisionnement, personnaliser les expériences clients et améliorer les stratégies de marketing. De plus, l'IA facilite l'automatisation des tâches répétitives, libérant ainsi du temps pour les employés afin qu'ils se concentrent sur des activités à plus forte valeur ajoutée. En intégrant ces outils, les entreprises peuvent non seulement accroître leur efficacité, mais aussi rester compétitives dans un monde en constante évolution.|
2025-07-08-15-18-30|ARTICLE_WRITER|EXPANDER|gpt-4o-mini|0|L'IA et l'apprentissage automatique dans les affaires modernes|L'intelligence artificielle (IA) et l'apprentissage automatique (AA) jouent un rôle de plus en plus crucial dans les affaires modernes. Ces technologies transforment la manière dont les entreprises fonctionnent, optimisant les processus, améliorant l'efficacité et facilitant une prise de décision basée sur des données. Par exemple, les algorithmes d'apprentissage automatique permettent d'analyser d'énormes volumes de données en temps réel, offrant des insights précieux qui peuvent guider les stratégies commerciales. De plus, l'IA peut automatiser des tâches répétitives, libérant ainsi du temps pour les employés afin qu'ils se concentrent sur des projets plus créatifs et à forte valeur ajoutée. En intégrant ces technologies, les entreprises peuvent non seulement rester compétitives, mais aussi innover et répondre rapidement aux besoins changeants du marché. Cela souligne l'importance croissante de l'IA et de l'apprentissage automatique dans le paysage commercial d'aujourd'hui.|
2025-07-08-15-20-31|ARTICLE_WRITER|EXPANDER|gpt-4o-mini|0|L'IA et l'apprentissage automatique dans les affaires modernes|L'intelligence artificielle (IA) et l'apprentissage automatique jouent un rôle de plus en plus crucial dans les affaires modernes. Ces technologies permettent aux entreprises d'analyser d'énormes volumes de données pour en extraire des insights précieux, optimisant ainsi la prise de décision. Grâce à l'IA, les entreprises peuvent automatiser des processus, améliorer l'expérience client et personnaliser leurs offres. Par exemple, les chatbots alimentés par l'IA offrent un support client 24/7, tandis que les algorithmes d'apprentissage automatique prédisent les tendances du marché. En intégrant ces outils, les entreprises non seulement augmentent leur efficacité, mais aussi leur compétitivité sur le marché mondial en constante évolution.|
2025-07-09-13-14-23|ARTICLE_WRITER|EXPANDER|gpt-4o-mini|0|L'IA et l'apprentissage automatique dans les affaires modernes|L'intelligence artificielle (IA) et l'apprentissage automatique jouent un rôle de plus en plus crucial dans les affaires modernes. Ces technologies révolutionnent la manière dont les entreprises opèrent, en optimisant les processus, en améliorant la prise de décision et en personnalisant l'expérience client. Grâce à l'analyse de grandes quantités de données, les entreprises peuvent identifier des tendances, prévoir des comportements et automatiser des tâches répétitives. Par exemple, le service client bénéficie de chatbots intelligents qui offrent une assistance 24/7, tandis que le marketing utilise des algorithmes pour cibler des audiences spécifiques. En intégrant l'IA et l'apprentissage automatique, les entreprises ne se contentent pas d'améliorer leur efficacité, mais elles se positionnent également en tant qu'innovateurs sur le marché. Cette transformation numérique est essentielle pour rester compétitif dans un environnement commercial en constante évolution.|
