2025-07-25-17-47-40|ARTICLE_WRITER|TRANSLATE|gpt-4o-mini|0|Building Your First AI Agent: A Step-by-Step Guide|1.19|{'content': 'Construire votre premier agent IA : un guide étape par étape', 'additional_kwargs': {'refusal': None}, 'response_metadata': {'token_usage': {'completion_tokens': 12, 'prompt_tokens': 49, 'total_tokens': 61, 'completion_tokens_details': {'accepted_prediction_tokens': 0, 'audio_tokens': 0, 'reasoning_tokens': 0, 'rejected_prediction_tokens': 0}, 'prompt_tokens_details': {'audio_tokens': 0, 'cached_tokens': 0}}, 'model_name': 'gpt-4o-mini-2024-07-18', 'system_fingerprint': 'fp_34a54ae93c', 'id': 'chatcmpl-BxFs46td35t9k1sSfAepWagVpSNfN', 'service_tier': 'default', 'finish_reason': 'stop', 'logprobs': None}, 'type': 'ai', 'name': None, 'id': 'run--530b4d29-79a7-4b3e-bcdd-652a5ac8f652-0', 'example': False, 'tool_calls': [], 'invalid_tool_calls': [], 'usage_metadata': {'input_tokens': 49, 'output_tokens': 12, 'total_tokens': 61, 'input_token_details': {'audio': 0, 'cache_read': 0}, 'output_token_details': {'audio': 0, 'reasoning': 0}}}
2025-07-25-17-47-50|ARTICLE_WRITER|TRANSLATE|gpt-4o-mini|0|Why AI Agents Will Replace Traditional Software|0.68|{'content': "Pourquoi les agents d'IA remplaceront les logiciels traditionnels", 'additional_kwargs': {'refusal': None}, 'response_metadata': {'token_usage': {'completion_tokens': 12, 'prompt_tokens': 45, 'total_tokens': 57, 'completion_tokens_details': {'accepted_prediction_tokens': 0, 'audio_tokens': 0, 'reasoning_tokens': 0, 'rejected_prediction_tokens': 0}, 'prompt_tokens_details': {'audio_tokens': 0, 'cached_tokens': 0}}, 'model_name': 'gpt-4o-mini-2024-07-18', 'system_fingerprint': 'fp_34a54ae93c', 'id': 'chatcmpl-BxFsEShaAkzLsHMsG1naX7a5nXtPg', 'service_tier': 'default', 'finish_reason': 'stop', 'logprobs': None}, 'type': 'ai', 'name': None, 'id': 'run--d4ea1367-7e75-4afb-923b-4be84e283585-0', 'example': False, 'tool_calls': [], 'invalid_tool_calls': [], 'usage_metadata': {'input_tokens': 45, 'output_tokens': 12, 'total_tokens': 57, 'input_token_details': {'audio': 0, 'cache_read': 0}, 'output_token_details': {'audio': 0, 'reasoning': 0}}}
2025-07-25-17-48-01|ARTICLE_WRITER|TRANSLATE|gpt-4o-mini|0|The Ethics of Autonomous AI Decision-Making|1.04|{'content': "L'éthique de la prise de décision autonome par l'IA", 'additional_kwargs': {'refusal': None}, 'response_metadata': {'token_usage': {'completion_tokens': 13, 'prompt_tokens': 46, 'total_tokens': 59, 'completion_tokens_details': {'accepted_prediction_tokens': 0, 'audio_tokens': 0, 'reasoning_tokens': 0, 'rejected_prediction_tokens': 0}, 'prompt_tokens_details': {'audio_tokens': 0, 'cached_tokens': 0}}, 'model_name': 'gpt-4o-mini-2024-07-18', 'system_fingerprint': 'fp_34a54ae93c', 'id': 'chatcmpl-BxFsPzulXOIUfVEvex7wkVJF0FWFw', 'service_tier': 'default', 'finish_reason': 'stop', 'logprobs': None}, 'type': 'ai', 'name': None, 'id': 'run--dd632ea0-f69e-4796-877e-9ce1e690d325-0', 'example': False, 'tool_calls': [], 'invalid_tool_calls': [], 'usage_metadata': {'input_tokens': 46, 'output_tokens': 13, 'total_tokens': 59, 'input_token_details': {'audio': 0, 'cache_read': 0}, 'output_token_details': {'audio': 0, 'reasoning': 0}}}
2025-07-25-17-48-10|ARTICLE_WRITER|TRANSLATE|gpt-4o-mini|0|Multi-Agent Systems: When AI Agents Work Together|0.82|{'content': 'Systèmes Multi-Agents : Quand les Agents IA Travaillent Ensemble', 'additional_kwargs': {'refusal': None}, 'response_metadata': {'token_usage': {'completion_tokens': 15, 'prompt_tokens': 47, 'total_tokens': 62, 'completion_tokens_details': {'accepted_prediction_tokens': 0, 'audio_tokens': 0, 'reasoning_tokens': 0, 'rejected_prediction_tokens': 0}, 'prompt_tokens_details': {'audio_tokens': 0, 'cached_tokens': 0}}, 'model_name': 'gpt-4o-mini-2024-07-18', 'system_fingerprint': 'fp_34a54ae93c', 'id': 'chatcmpl-BxFsYuDM2k94x9DpTUGuAO7OFrwc6', 'service_tier': 'default', 'finish_reason': 'stop', 'logprobs': None}, 'type': 'ai', 'name': None, 'id': 'run--f5bf1afe-2e95-4a85-a7a6-335f6a3d4874-0', 'example': False, 'tool_calls': [], 'invalid_tool_calls': [], 'usage_metadata': {'input_tokens': 47, 'output_tokens': 15, 'total_tokens': 62, 'input_token_details': {'audio': 0, 'cache_read': 0}, 'output_token_details': {'audio': 0, 'reasoning': 0}}}
2025-07-25-17-48-20|ARTICLE_WRITER|TRANSLATE|gpt-4o-mini|0|From Chatbots to AI Agents: The Evolution of Conversational AI|0.55|{'content': "Des chatbots aux agents IA : L'évolution de l'IA conversationnelle", 'additional_kwargs': {'refusal': None}, 'response_metadata': {'token_usage': {'completion_tokens': 15, 'prompt_tokens': 51, 'total_tokens': 66, 'completion_tokens_details': {'accepted_prediction_tokens': 0, 'audio_tokens': 0, 'reasoning_tokens': 0, 'rejected_prediction_tokens': 0}, 'prompt_tokens_details': {'audio_tokens': 0, 'cached_tokens': 0}}, 'model_name': 'gpt-4o-mini-2024-07-18', 'system_fingerprint': 'fp_34a54ae93c', 'id': 'chatcmpl-BxFsiVcsdpEfcPrWxcNGOZQZ59NLs', 'service_tier': 'default', 'finish_reason': 'stop', 'logprobs': None}, 'type': 'ai', 'name': None, 'id': 'run--a510d83d-e766-4406-87e0-cef758a66ea8-0', 'example': False, 'tool_calls': [], 'invalid_tool_calls': [], 'usage_metadata': {'input_tokens': 51, 'output_tokens': 15, 'total_tokens': 66, 'input_token_details': {'audio': 0, 'cache_read': 0}, 'output_token_details': {'audio': 0, 'reasoning': 0}}}
2025-07-25-17-48-31|ARTICLE_WRITER|TRANSLATE|gpt-4o-mini|0|AI Agent Security: Protecting Against Prompt Injection Attacks|0.89|{'content': "Sécurité des agents d'IA : Protéger contre les attaques par injection de prompt", 'additional_kwargs': {'refusal': None}, 'response_metadata': {'token_usage': {'completion_tokens': 18, 'prompt_tokens': 49, 'total_tokens': 67, 'completion_tokens_details': {'accepted_prediction_tokens': 0, 'audio_tokens': 0, 'reasoning_tokens': 0, 'rejected_prediction_tokens': 0}, 'prompt_tokens_details': {'audio_tokens': 0, 'cached_tokens': 0}}, 'model_name': 'gpt-4o-mini-2024-07-18', 'system_fingerprint': 'fp_62a23a81ef', 'id': 'chatcmpl-BxFsthbr2wlf4TczaMzGPqnR7XPRz', 'service_tier': 'default', 'finish_reason': 'stop', 'logprobs': None}, 'type': 'ai', 'name': None, 'id': 'run--2fc33153-d930-4d6a-8c7f-a7e910fe2076-0', 'example': False, 'tool_calls': [], 'invalid_tool_calls': [], 'usage_metadata': {'input_tokens': 49, 'output_tokens': 18, 'total_tokens': 67, 'input_token_details': {'audio': 0, 'cache_read': 0}, 'output_token_details': {'audio': 0, 'reasoning': 0}}}
2025-07-25-17-48-41|ARTICLE_WRITER|TRANSLATE|gpt-4o-mini|0|The Future of Work: How AI Agents Will Transform Industries|0.60|{'content': "L'avenir du travail : Comment les agents d'IA transformeront les industries", 'additional_kwargs': {'refusal': None}, 'response_metadata': {'token_usage': {'completion_tokens': 15, 'prompt_tokens': 49, 'total_tokens': 64, 'completion_tokens_details': {'accepted_prediction_tokens': 0, 'audio_tokens': 0, 'reasoning_tokens': 0, 'rejected_prediction_tokens': 0}, 'prompt_tokens_details': {'audio_tokens': 0, 'cached_tokens': 0}}, 'model_name': 'gpt-4o-mini-2024-07-18', 'system_fingerprint': 'fp_34a54ae93c', 'id': 'chatcmpl-BxFt3x31vsGZuk5nefr37MCV9iRCX', 'service_tier': 'default', 'finish_reason': 'stop', 'logprobs': None}, 'type': 'ai', 'name': None, 'id': 'run--329eef71-22ae-4589-b127-58ab04a14b64-0', 'example': False, 'tool_calls': [], 'invalid_tool_calls': [], 'usage_metadata': {'input_tokens': 49, 'output_tokens': 15, 'total_tokens': 64, 'input_token_details': {'audio': 0, 'cache_read': 0}, 'output_token_details': {'audio': 0, 'reasoning': 0}}}
2025-07-25-17-48-54|ARTICLE_WRITER|TRANSLATE|gpt-4o-mini|0|Training AI Agents with Reinforcement Learning|1.00|{'content': "Former des agents d'IA avec l'apprentissage par renforcement", 'additional_kwargs': {'refusal': None}, 'response_metadata': {'token_usage': {'completion_tokens': 13, 'prompt_tokens': 45, 'total_tokens': 58, 'completion_tokens_details': {'accepted_prediction_tokens': 0, 'audio_tokens': 0, 'reasoning_tokens': 0, 'rejected_prediction_tokens': 0}, 'prompt_tokens_details': {'audio_tokens': 0, 'cached_tokens': 0}}, 'model_name': 'gpt-4o-mini-2024-07-18', 'system_fingerprint': 'fp_34a54ae93c', 'id': 'chatcmpl-BxFtFwhZ28e6QYBZjgQFjBEs10HVe', 'service_tier': 'default', 'finish_reason': 'stop', 'logprobs': None}, 'type': 'ai', 'name': None, 'id': 'run--57bb2fc1-fa94-41cc-bfe3-4c9218097924-0', 'example': False, 'tool_calls': [], 'invalid_tool_calls': [], 'usage_metadata': {'input_tokens': 45, 'output_tokens': 13, 'total_tokens': 58, 'input_token_details': {'audio': 0, 'cache_read': 0}, 'output_token_details': {'audio': 0, 'reasoning': 0}}}
2025-07-25-17-49-03|ARTICLE_WRITER|TRANSLATE|gpt-4o-mini|0|AI Agent Memory Systems: Making Machines Remember|0.62|{'content': 'Systèmes de Mémoire des Agents IA : Faire en Sorte que les Machines se Souviennent', 'additional_kwargs': {'refusal': None}, 'response_metadata': {'token_usage': {'completion_tokens': 20, 'prompt_tokens': 46, 'total_tokens': 66, 'completion_tokens_details': {'accepted_prediction_tokens': 0, 'audio_tokens': 0, 'reasoning_tokens': 0, 'rejected_prediction_tokens': 0}, 'prompt_tokens_details': {'audio_tokens': 0, 'cached_tokens': 0}}, 'model_name': 'gpt-4o-mini-2024-07-18', 'system_fingerprint': 'fp_34a54ae93c', 'id': 'chatcmpl-BxFtPV0uVAm4ULZ8N7ZZRmq3kc54s', 'service_tier': 'default', 'finish_reason': 'stop', 'logprobs': None}, 'type': 'ai', 'name': None, 'id': 'run--c03bc67e-a706-41c8-a29c-e9df15f7f653-0', 'example': False, 'tool_calls': [], 'invalid_tool_calls': [], 'usage_metadata': {'input_tokens': 46, 'output_tokens': 20, 'total_tokens': 66, 'input_token_details': {'audio': 0, 'cache_read': 0}, 'output_token_details': {'audio': 0, 'reasoning': 0}}}
2025-07-25-17-49-13|ARTICLE_WRITER|TRANSLATE|gpt-4o-mini|0|Swarm Intelligence: What Ant Colonies Teach Us About AI|1.07|{'content': "Intelligence des essaims : Ce que les colonies de fourmis nous apprennent sur l'IA", 'additional_kwargs': {'refusal': None}, 'response_metadata': {'token_usage': {'completion_tokens': 21, 'prompt_tokens': 50, 'total_tokens': 71, 'completion_tokens_details': {'accepted_prediction_tokens': 0, 'audio_tokens': 0, 'reasoning_tokens': 0, 'rejected_prediction_tokens': 0}, 'prompt_tokens_details': {'audio_tokens': 0, 'cached_tokens': 0}}, 'model_name': 'gpt-4o-mini-2024-07-18', 'system_fingerprint': 'fp_34a54ae93c', 'id': 'chatcmpl-BxFtYnSv8ZKKINZJyExRPG7EFtNtU', 'service_tier': 'default', 'finish_reason': 'stop', 'logprobs': None}, 'type': 'ai', 'name': None, 'id': 'run--5d906815-1f03-4e53-b3d0-a2f62365e2a7-0', 'example': False, 'tool_calls': [], 'invalid_tool_calls': [], 'usage_metadata': {'input_tokens': 50, 'output_tokens': 21, 'total_tokens': 71, 'input_token_details': {'audio': 0, 'cache_read': 0}, 'output_token_details': {'audio': 0, 'reasoning': 0}}}
2025-07-25-17-49-23|ARTICLE_WRITER|TRANSLATE|gpt-4o-mini|0|Building Trustworthy AI Agents for Healthcare|0.67|{'content': "Construire des agents d'IA fiables pour la santé", 'additional_kwargs': {'refusal': None}, 'response_metadata': {'token_usage': {'completion_tokens': 11, 'prompt_tokens': 45, 'total_tokens': 56, 'completion_tokens_details': {'accepted_prediction_tokens': 0, 'audio_tokens': 0, 'reasoning_tokens': 0, 'rejected_prediction_tokens': 0}, 'prompt_tokens_details': {'audio_tokens': 0, 'cached_tokens': 0}}, 'model_name': 'gpt-4o-mini-2024-07-18', 'system_fingerprint': 'fp_34a54ae93c', 'id': 'chatcmpl-BxFtjwl9MOf1PiLfWbz47YVYIjNEK', 'service_tier': 'default', 'finish_reason': 'stop', 'logprobs': None}, 'type': 'ai', 'name': None, 'id': 'run--7f805d03-c75b-4246-8644-4aa17d51cdf4-0', 'example': False, 'tool_calls': [], 'invalid_tool_calls': [], 'usage_metadata': {'input_tokens': 45, 'output_tokens': 11, 'total_tokens': 56, 'input_token_details': {'audio': 0, 'cache_read': 0}, 'output_token_details': {'audio': 0, 'reasoning': 0}}}
2025-07-25-17-49-33|ARTICLE_WRITER|TRANSLATE|gpt-4o-mini|0|The Economics of AI Agents: Cost vs. Human Labor|0.52|{'content': "L'économie des agents d'IA : Coût vs. Travail humain", 'additional_kwargs': {'refusal': None}, 'response_metadata': {'token_usage': {'completion_tokens': 14, 'prompt_tokens': 49, 'total_tokens': 63, 'completion_tokens_details': {'accepted_prediction_tokens': 0, 'audio_tokens': 0, 'reasoning_tokens': 0, 'rejected_prediction_tokens': 0}, 'prompt_tokens_details': {'audio_tokens': 0, 'cached_tokens': 0}}, 'model_name': 'gpt-4o-mini-2024-07-18', 'system_fingerprint': 'fp_34a54ae93c', 'id': 'chatcmpl-BxFttjHZxPKFxy9EZ4MT5pG9HtWiy', 'service_tier': 'default', 'finish_reason': 'stop', 'logprobs': None}, 'type': 'ai', 'name': None, 'id': 'run--c4bf3c22-f173-4166-b0c2-b8a2d0da26fc-0', 'example': False, 'tool_calls': [], 'invalid_tool_calls': [], 'usage_metadata': {'input_tokens': 49, 'output_tokens': 14, 'total_tokens': 63, 'input_token_details': {'audio': 0, 'cache_read': 0}, 'output_token_details': {'audio': 0, 'reasoning': 0}}}
2025-07-25-17-49-42|ARTICLE_WRITER|TRANSLATE|gpt-4o-mini|0|AI Agents in Gaming: Creating Intelligent NPCs|0.63|{'content': 'Agents IA dans les jeux vidéo : Créer des PNJ intelligents', 'additional_kwargs': {'refusal': None}, 'response_metadata': {'token_usage': {'completion_tokens': 14, 'prompt_tokens': 47, 'total_tokens': 61, 'completion_tokens_details': {'accepted_prediction_tokens': 0, 'audio_tokens': 0, 'reasoning_tokens': 0, 'rejected_prediction_tokens': 0}, 'prompt_tokens_details': {'audio_tokens': 0, 'cached_tokens': 0}}, 'model_name': 'gpt-4o-mini-2024-07-18', 'system_fingerprint': 'fp_34a54ae93c', 'id': 'chatcmpl-BxFu2mQ0BS2G3kSXKiNCYqWHoQbNV', 'service_tier': 'default', 'finish_reason': 'stop', 'logprobs': None}, 'type': 'ai', 'name': None, 'id': 'run--ddf601c4-1bfa-48ab-b44c-863a1f10e84a-0', 'example': False, 'tool_calls': [], 'invalid_tool_calls': [], 'usage_metadata': {'input_tokens': 47, 'output_tokens': 14, 'total_tokens': 61, 'input_token_details': {'audio': 0, 'cache_read': 0}, 'output_token_details': {'audio': 0, 'reasoning': 0}}}
2025-07-25-17-49-50|ARTICLE_WRITER|TRANSLATE|gpt-4o-mini|0|Debugging AI Agent Behavior: Tools and Techniques|0.69|{'content': 'Débogage du Comportement des Agents IA : Outils et Techniques', 'additional_kwargs': {'refusal': None}, 'response_metadata': {'token_usage': {'completion_tokens': 15, 'prompt_tokens': 47, 'total_tokens': 62, 'completion_tokens_details': {'accepted_prediction_tokens': 0, 'audio_tokens': 0, 'reasoning_tokens': 0, 'rejected_prediction_tokens': 0}, 'prompt_tokens_details': {'audio_tokens': 0, 'cached_tokens': 0}}, 'model_name': 'gpt-4o-mini-2024-07-18', 'system_fingerprint': 'fp_34a54ae93c', 'id': 'chatcmpl-BxFuANxFYhk1TLz1qP28WmfIATHGe', 'service_tier': 'default', 'finish_reason': 'stop', 'logprobs': None}, 'type': 'ai', 'name': None, 'id': 'run--69845cb6-9962-4def-9f04-a145f56f1059-0', 'example': False, 'tool_calls': [], 'invalid_tool_calls': [], 'usage_metadata': {'input_tokens': 47, 'output_tokens': 15, 'total_tokens': 62, 'input_token_details': {'audio': 0, 'cache_read': 0}, 'output_token_details': {'audio': 0, 'reasoning': 0}}}
2025-07-25-17-50-00|ARTICLE_WRITER|TRANSLATE|gpt-4o-mini|0|AI Agent Orchestration: Managing Complex Workflows|1.06|{'content': 'Orchestration des agents IA : Gestion des flux de travail complexes', 'additional_kwargs': {'refusal': None}, 'response_metadata': {'token_usage': {'completion_tokens': 13, 'prompt_tokens': 48, 'total_tokens': 61, 'completion_tokens_details': {'accepted_prediction_tokens': 0, 'audio_tokens': 0, 'reasoning_tokens': 0, 'rejected_prediction_tokens': 0}, 'prompt_tokens_details': {'audio_tokens': 0, 'cached_tokens': 0}}, 'model_name': 'gpt-4o-mini-2024-07-18', 'system_fingerprint': 'fp_34a54ae93c', 'id': 'chatcmpl-BxFuJdsa2Mo2d14oztIL1LfgmdXiN', 'service_tier': 'default', 'finish_reason': 'stop', 'logprobs': None}, 'type': 'ai', 'name': None, 'id': 'run--690b62b9-41c0-4134-87ee-e91d425e40ea-0', 'example': False, 'tool_calls': [], 'invalid_tool_calls': [], 'usage_metadata': {'input_tokens': 48, 'output_tokens': 13, 'total_tokens': 61, 'input_token_details': {'audio': 0, 'cache_read': 0}, 'output_token_details': {'audio': 0, 'reasoning': 0}}}
2025-07-25-17-50-09|ARTICLE_WRITER|TRANSLATE|gpt-4o-mini|0|Natural Language Processing for AI Agent Communication|0.60|{'content': 'Traitement du langage naturel pour la communication des agents IA', 'additional_kwargs': {'refusal': None}, 'response_metadata': {'token_usage': {'completion_tokens': 11, 'prompt_tokens': 45, 'total_tokens': 56, 'completion_tokens_details': {'accepted_prediction_tokens': 0, 'audio_tokens': 0, 'reasoning_tokens': 0, 'rejected_prediction_tokens': 0}, 'prompt_tokens_details': {'audio_tokens': 0, 'cached_tokens': 0}}, 'model_name': 'gpt-4o-mini-2024-07-18', 'system_fingerprint': 'fp_34a54ae93c', 'id': 'chatcmpl-BxFuT8nL4ZGWSneAtgVnNHM2IQDzY', 'service_tier': 'default', 'finish_reason': 'stop', 'logprobs': None}, 'type': 'ai', 'name': None, 'id': 'run--c4d26e1b-f1aa-41e7-bac7-d7655f46bf22-0', 'example': False, 'tool_calls': [], 'invalid_tool_calls': [], 'usage_metadata': {'input_tokens': 45, 'output_tokens': 11, 'total_tokens': 56, 'input_token_details': {'audio': 0, 'cache_read': 0}, 'output_token_details': {'audio': 0, 'reasoning': 0}}}
2025-07-25-17-50-19|ARTICLE_WRITER|TRANSLATE|gpt-4o-mini|0|AI Agents and Privacy: Balancing Personalization with Protection|0.73|{'content': 'Agents IA et Confidentialité : Équilibrer Personnalisation et Protection', 'additional_kwargs': {'refusal': None}, 'response_metadata': {'token_usage': {'completion_tokens': 15, 'prompt_tokens': 49, 'total_tokens': 64, 'completion_tokens_details': {'accepted_prediction_tokens': 0, 'audio_tokens': 0, 'reasoning_tokens': 0, 'rejected_prediction_tokens': 0}, 'prompt_tokens_details': {'audio_tokens': 0, 'cached_tokens': 0}}, 'model_name': 'gpt-4o-mini-2024-07-18', 'system_fingerprint': 'fp_62a23a81ef', 'id': 'chatcmpl-BxFudtxnd5lTFDk9ksiFDjMVgOScv', 'service_tier': 'default', 'finish_reason': 'stop', 'logprobs': None}, 'type': 'ai', 'name': None, 'id': 'run--3123fc4f-6b71-4cb0-9e78-8057b58f15ed-0', 'example': False, 'tool_calls': [], 'invalid_tool_calls': [], 'usage_metadata': {'input_tokens': 49, 'output_tokens': 15, 'total_tokens': 64, 'input_token_details': {'audio': 0, 'cache_read': 0}, 'output_token_details': {'audio': 0, 'reasoning': 0}}}
2025-07-25-17-50-28|ARTICLE_WRITER|TRANSLATE|gpt-4o-mini|0|Building Explainable AI Agents for Critical Applications|0.64|{'content': "Construire des agents d'IA explicables pour des applications critiques", 'additional_kwargs': {'refusal': None}, 'response_metadata': {'token_usage': {'completion_tokens': 13, 'prompt_tokens': 46, 'total_tokens': 59, 'completion_tokens_details': {'accepted_prediction_tokens': 0, 'audio_tokens': 0, 'reasoning_tokens': 0, 'rejected_prediction_tokens': 0}, 'prompt_tokens_details': {'audio_tokens': 0, 'cached_tokens': 0}}, 'model_name': 'gpt-4o-mini-2024-07-18', 'system_fingerprint': 'fp_34a54ae93c', 'id': 'chatcmpl-BxFumVfZgCamlQzZLC1hjqdeY8A7l', 'service_tier': 'default', 'finish_reason': 'stop', 'logprobs': None}, 'type': 'ai', 'name': None, 'id': 'run--89ac07a5-72ac-43ff-a7dd-d2189a1f5843-0', 'example': False, 'tool_calls': [], 'invalid_tool_calls': [], 'usage_metadata': {'input_tokens': 46, 'output_tokens': 13, 'total_tokens': 59, 'input_token_details': {'audio': 0, 'cache_read': 0}, 'output_token_details': {'audio': 0, 'reasoning': 0}}}
2025-07-25-17-50-40|ARTICLE_WRITER|TRANSLATE|gpt-4o-mini|0|AI Agent Testing: Ensuring Reliability in Production|0.72|{'content': "Test des agents d'IA : Assurer la fiabilité en production", 'additional_kwargs': {'refusal': None}, 'response_metadata': {'token_usage': {'completion_tokens': 14, 'prompt_tokens': 47, 'total_tokens': 61, 'completion_tokens_details': {'accepted_prediction_tokens': 0, 'audio_tokens': 0, 'reasoning_tokens': 0, 'rejected_prediction_tokens': 0}, 'prompt_tokens_details': {'audio_tokens': 0, 'cached_tokens': 0}}, 'model_name': 'gpt-4o-mini-2024-07-18', 'system_fingerprint': 'fp_62a23a81ef', 'id': 'chatcmpl-BxFuyfEeDx49LBkHK3bfOQtx9r6BA', 'service_tier': 'default', 'finish_reason': 'stop', 'logprobs': None}, 'type': 'ai', 'name': None, 'id': 'run--3469f868-c4e7-4f4b-88b9-e5c0723ac7be-0', 'example': False, 'tool_calls': [], 'invalid_tool_calls': [], 'usage_metadata': {'input_tokens': 47, 'output_tokens': 14, 'total_tokens': 61, 'input_token_details': {'audio': 0, 'cache_read': 0}, 'output_token_details': {'audio': 0, 'reasoning': 0}}}
2025-07-25-17-50-49|ARTICLE_WRITER|TRANSLATE|gpt-4o-mini|0|The Role of AI Agents in Scientific Discovery|0.66|{'content': 'Le Rôle des Agents IA dans la Découverte Scientifique', 'additional_kwargs': {'refusal': None}, 'response_metadata': {'token_usage': {'completion_tokens': 12, 'prompt_tokens': 46, 'total_tokens': 58, 'completion_tokens_details': {'accepted_prediction_tokens': 0, 'audio_tokens': 0, 'reasoning_tokens': 0, 'rejected_prediction_tokens': 0}, 'prompt_tokens_details': {'audio_tokens': 0, 'cached_tokens': 0}}, 'model_name': 'gpt-4o-mini-2024-07-18', 'system_fingerprint': 'fp_34a54ae93c', 'id': 'chatcmpl-BxFv61pWpKI3nw8ajHP3ITrBNQGbN', 'service_tier': 'default', 'finish_reason': 'stop', 'logprobs': None}, 'type': 'ai', 'name': None, 'id': 'run--1778edb3-b3b3-40f4-82f1-a8a0385e52f2-0', 'example': False, 'tool_calls': [], 'invalid_tool_calls': [], 'usage_metadata': {'input_tokens': 46, 'output_tokens': 12, 'total_tokens': 58, 'input_token_details': {'audio': 0, 'cache_read': 0}, 'output_token_details': {'audio': 0, 'reasoning': 0}}}
2025-07-25-17-51-03|ARTICLE_WRITER|TRANSLATE|gpt-4o-mini|0|Democratizing AI: Making Agent Development Accessible|1.50|{'content': "Démocratiser l'IA : Rendre le développement d'agents accessible", 'additional_kwargs': {'refusal': None}, 'response_metadata': {'token_usage': {'completion_tokens': 17, 'prompt_tokens': 46, 'total_tokens': 63, 'completion_tokens_details': {'accepted_prediction_tokens': 0, 'audio_tokens': 0, 'reasoning_tokens': 0, 'rejected_prediction_tokens': 0}, 'prompt_tokens_details': {'audio_tokens': 0, 'cached_tokens': 0}}, 'model_name': 'gpt-4o-mini-2024-07-18', 'system_fingerprint': 'fp_34a54ae93c', 'id': 'chatcmpl-BxFvKne79YtYP5wMt3UmOfzwqjv2a', 'service_tier': 'default', 'finish_reason': 'stop', 'logprobs': None}, 'type': 'ai', 'name': None, 'id': 'run--a2b17c29-ab55-431d-9039-adfd873cac2c-0', 'example': False, 'tool_calls': [], 'invalid_tool_calls': [], 'usage_metadata': {'input_tokens': 46, 'output_tokens': 17, 'total_tokens': 63, 'input_token_details': {'audio': 0, 'cache_read': 0}, 'output_token_details': {'audio': 0, 'reasoning': 0}}}
2025-07-25-17-51-18|ARTICLE_WRITER|TRANSLATE|gpt-4o-mini|0|AI Agents and Creativity: Can Machines Be Truly Original?|2.65|{'content': 'Agents IA et Créativité : Les Machines Peuvent-elles Être Vraiment Originales ?', 'additional_kwargs': {'refusal': None}, 'response_metadata': {'token_usage': {'completion_tokens': 19, 'prompt_tokens': 49, 'total_tokens': 68, 'completion_tokens_details': {'accepted_prediction_tokens': 0, 'audio_tokens': 0, 'reasoning_tokens': 0, 'rejected_prediction_tokens': 0}, 'prompt_tokens_details': {'audio_tokens': 0, 'cached_tokens': 0}}, 'model_name': 'gpt-4o-mini-2024-07-18', 'system_fingerprint': 'fp_34a54ae93c', 'id': 'chatcmpl-BxFvax6g0UWWkSOdE3eTn4TGN7HEl', 'service_tier': 'default', 'finish_reason': 'stop', 'logprobs': None}, 'type': 'ai', 'name': None, 'id': 'run--43b07370-e16a-432e-a3c6-eb8f9f2ebb19-0', 'example': False, 'tool_calls': [], 'invalid_tool_calls': [], 'usage_metadata': {'input_tokens': 49, 'output_tokens': 19, 'total_tokens': 68, 'input_token_details': {'audio': 0, 'cache_read': 0}, 'output_token_details': {'audio': 0, 'reasoning': 0}}}
2025-07-25-17-51-29|ARTICLE_WRITER|TRANSLATE|gpt-4o-mini|0|Scaling AI Agent Deployments: Lessons from the Trenches|0.79|{'content': "Déployer des agents d'IA à grande échelle : Leçons des tranchées", 'additional_kwargs': {'refusal': None}, 'response_metadata': {'token_usage': {'completion_tokens': 18, 'prompt_tokens': 49, 'total_tokens': 67, 'completion_tokens_details': {'accepted_prediction_tokens': 0, 'audio_tokens': 0, 'reasoning_tokens': 0, 'rejected_prediction_tokens': 0}, 'prompt_tokens_details': {'audio_tokens': 0, 'cached_tokens': 0}}, 'model_name': 'gpt-4o-mini-2024-07-18', 'system_fingerprint': 'fp_34a54ae93c', 'id': 'chatcmpl-BxFvlZxK6gmvia7VriOHD2DyVsom9', 'service_tier': 'default', 'finish_reason': 'stop', 'logprobs': None}, 'type': 'ai', 'name': None, 'id': 'run--3e3f7316-17b1-4af0-93a2-9b32fb1a92b6-0', 'example': False, 'tool_calls': [], 'invalid_tool_calls': [], 'usage_metadata': {'input_tokens': 49, 'output_tokens': 18, 'total_tokens': 67, 'input_token_details': {'audio': 0, 'cache_read': 0}, 'output_token_details': {'audio': 0, 'reasoning': 0}}}
2025-07-25-17-51-38|ARTICLE_WRITER|TRANSLATE|gpt-4o-mini|0|AI Agent Bias: Detection and Mitigation Strategies|0.63|{'content': "Biais des agents d'IA : stratégies de détection et d'atténuation", 'additional_kwargs': {'refusal': None}, 'response_metadata': {'token_usage': {'completion_tokens': 17, 'prompt_tokens': 47, 'total_tokens': 64, 'completion_tokens_details': {'accepted_prediction_tokens': 0, 'audio_tokens': 0, 'reasoning_tokens': 0, 'rejected_prediction_tokens': 0}, 'prompt_tokens_details': {'audio_tokens': 0, 'cached_tokens': 0}}, 'model_name': 'gpt-4o-mini-2024-07-18', 'system_fingerprint': 'fp_34a54ae93c', 'id': 'chatcmpl-BxFvtm7E2cEv6dHan7uyalE3bvka0', 'service_tier': 'default', 'finish_reason': 'stop', 'logprobs': None}, 'type': 'ai', 'name': None, 'id': 'run--817aab88-2651-4831-8997-83fc40f2e6f8-0', 'example': False, 'tool_calls': [], 'invalid_tool_calls': [], 'usage_metadata': {'input_tokens': 47, 'output_tokens': 17, 'total_tokens': 64, 'input_token_details': {'audio': 0, 'cache_read': 0}, 'output_token_details': {'audio': 0, 'reasoning': 0}}}
2025-07-25-17-51-46|ARTICLE_WRITER|TRANSLATE|gpt-4o-mini|0|The Neuroscience Behind AI Agent Decision-Making|0.60|{'content': "La neuroscience derrière la prise de décision des agents d'IA", 'additional_kwargs': {'refusal': None}, 'response_metadata': {'token_usage': {'completion_tokens': 12, 'prompt_tokens': 47, 'total_tokens': 59, 'completion_tokens_details': {'accepted_prediction_tokens': 0, 'audio_tokens': 0, 'reasoning_tokens': 0, 'rejected_prediction_tokens': 0}, 'prompt_tokens_details': {'audio_tokens': 0, 'cached_tokens': 0}}, 'model_name': 'gpt-4o-mini-2024-07-18', 'system_fingerprint': 'fp_62a23a81ef', 'id': 'chatcmpl-BxFw2rLaz5ru0CcL7VDQ1G9zj236a', 'service_tier': 'default', 'finish_reason': 'stop', 'logprobs': None}, 'type': 'ai', 'name': None, 'id': 'run--baf5f1a9-deb4-4d5c-a056-13467cdd5d64-0', 'example': False, 'tool_calls': [], 'invalid_tool_calls': [], 'usage_metadata': {'input_tokens': 47, 'output_tokens': 12, 'total_tokens': 59, 'input_token_details': {'audio': 0, 'cache_read': 0}, 'output_token_details': {'audio': 0, 'reasoning': 0}}}
2025-07-25-17-52-00|ARTICLE_WRITER|TRANSLATE|gpt-4o-mini|0|AI Agents in Edge Computing: Processing at the Source|0.71|{'content': "Agents IA dans l'informatique en périphérie : Traitement à la source", 'additional_kwargs': {'refusal': None}, 'response_metadata': {'token_usage': {'completion_tokens': 16, 'prompt_tokens': 48, 'total_tokens': 64, 'completion_tokens_details': {'accepted_prediction_tokens': 0, 'audio_tokens': 0, 'reasoning_tokens': 0, 'rejected_prediction_tokens': 0}, 'prompt_tokens_details': {'audio_tokens': 0, 'cached_tokens': 0}}, 'model_name': 'gpt-4o-mini-2024-07-18', 'system_fingerprint': 'fp_62a23a81ef', 'id': 'chatcmpl-BxFwFiec8mrkBxh8LhUK8CmrdWLmD', 'service_tier': 'default', 'finish_reason': 'stop', 'logprobs': None}, 'type': 'ai', 'name': None, 'id': 'run--cb2bf7fd-9d60-49a3-bc1d-cbc70d6022d6-0', 'example': False, 'tool_calls': [], 'invalid_tool_calls': [], 'usage_metadata': {'input_tokens': 48, 'output_tokens': 16, 'total_tokens': 64, 'input_token_details': {'audio': 0, 'cache_read': 0}, 'output_token_details': {'audio': 0, 'reasoning': 0}}}
2025-07-25-17-52-08|ARTICLE_WRITER|TRANSLATE|gpt-4o-mini|0|Conversational AI Agents: Beyond Question and Answer|0.82|{'content': "Agents d'IA conversationnelle : Au-delà des questions et réponses", 'additional_kwargs': {'refusal': None}, 'response_metadata': {'token_usage': {'completion_tokens': 13, 'prompt_tokens': 47, 'total_tokens': 60, 'completion_tokens_details': {'accepted_prediction_tokens': 0, 'audio_tokens': 0, 'reasoning_tokens': 0, 'rejected_prediction_tokens': 0}, 'prompt_tokens_details': {'audio_tokens': 0, 'cached_tokens': 0}}, 'model_name': 'gpt-4o-mini-2024-07-18', 'system_fingerprint': 'fp_34a54ae93c', 'id': 'chatcmpl-BxFwOTEsqc1YHLM6rYCP1z4TO11pf', 'service_tier': 'default', 'finish_reason': 'stop', 'logprobs': None}, 'type': 'ai', 'name': None, 'id': 'run--0e225945-b0bc-499e-8d36-35be5a5a0031-0', 'example': False, 'tool_calls': [], 'invalid_tool_calls': [], 'usage_metadata': {'input_tokens': 47, 'output_tokens': 13, 'total_tokens': 60, 'input_token_details': {'audio': 0, 'cache_read': 0}, 'output_token_details': {'audio': 0, 'reasoning': 0}}}
2025-07-25-17-52-22|ARTICLE_WRITER|TRANSLATE|gpt-4o-mini|0|AI Agent Interoperability: Making Different Systems Work Together|0.78|{'content': 'Interopérabilité des agents IA : Faire fonctionner différents systèmes ensemble', 'additional_kwargs': {'refusal': None}, 'response_metadata': {'token_usage': {'completion_tokens': 12, 'prompt_tokens': 49, 'total_tokens': 61, 'completion_tokens_details': {'accepted_prediction_tokens': 0, 'audio_tokens': 0, 'reasoning_tokens': 0, 'rejected_prediction_tokens': 0}, 'prompt_tokens_details': {'audio_tokens': 0, 'cached_tokens': 0}}, 'model_name': 'gpt-4o-mini-2024-07-18', 'system_fingerprint': 'fp_62a23a81ef', 'id': 'chatcmpl-BxFwbuZsC8V2758SZSPG0JiZYkheX', 'service_tier': 'default', 'finish_reason': 'stop', 'logprobs': None}, 'type': 'ai', 'name': None, 'id': 'run--81e1e70c-ace5-4504-bf94-a2351a422d7a-0', 'example': False, 'tool_calls': [], 'invalid_tool_calls': [], 'usage_metadata': {'input_tokens': 49, 'output_tokens': 12, 'total_tokens': 61, 'input_token_details': {'audio': 0, 'cache_read': 0}, 'output_token_details': {'audio': 0, 'reasoning': 0}}}
2025-07-25-17-52-32|ARTICLE_WRITER|TRANSLATE|gpt-4o-mini|0|The Environmental Impact of AI Agent Infrastructure|0.74|{'content': "L'impact environnemental de l'infrastructure des agents d'IA", 'additional_kwargs': {'refusal': None}, 'response_metadata': {'token_usage': {'completion_tokens': 14, 'prompt_tokens': 45, 'total_tokens': 59, 'completion_tokens_details': {'accepted_prediction_tokens': 0, 'audio_tokens': 0, 'reasoning_tokens': 0, 'rejected_prediction_tokens': 0}, 'prompt_tokens_details': {'audio_tokens': 0, 'cached_tokens': 0}}, 'model_name': 'gpt-4o-mini-2024-07-18', 'system_fingerprint': 'fp_34a54ae93c', 'id': 'chatcmpl-BxFwl4Fpsy9ijNa04S3JLSn0zfQnZ', 'service_tier': 'default', 'finish_reason': 'stop', 'logprobs': None}, 'type': 'ai', 'name': None, 'id': 'run--5c75e712-afee-4784-9e7a-82180487c417-0', 'example': False, 'tool_calls': [], 'invalid_tool_calls': [], 'usage_metadata': {'input_tokens': 45, 'output_tokens': 14, 'total_tokens': 59, 'input_token_details': {'audio': 0, 'cache_read': 0}, 'output_token_details': {'audio': 0, 'reasoning': 0}}}
2025-07-25-17-53-25|ARTICLE_WRITER|TRANSLATE|gpt-4o-mini|0|AI Agents and Human Creativity: Collaboration, Not Competition|34.33|{'content': 'Agents IA et Créativité Humaine : Collaboration, Pas Compétition', 'additional_kwargs': {'refusal': None}, 'response_metadata': {'token_usage': {'completion_tokens': 15, 'prompt_tokens': 48, 'total_tokens': 63, 'completion_tokens_details': {'accepted_prediction_tokens': 0, 'audio_tokens': 0, 'reasoning_tokens': 0, 'rejected_prediction_tokens': 0}, 'prompt_tokens_details': {'audio_tokens': 0, 'cached_tokens': 0}}, 'model_name': 'gpt-4o-mini-2024-07-18', 'system_fingerprint': 'fp_34a54ae93c', 'id': 'chatcmpl-BxFxczbbe719RqhY6ixyFC7UWmxyK', 'service_tier': 'default', 'finish_reason': 'stop', 'logprobs': None}, 'type': 'ai', 'name': None, 'id': 'run--684cbe70-d685-4f8c-898a-1315852f4f26-0', 'example': False, 'tool_calls': [], 'invalid_tool_calls': [], 'usage_metadata': {'input_tokens': 48, 'output_tokens': 15, 'total_tokens': 63, 'input_token_details': {'audio': 0, 'cache_read': 0}, 'output_token_details': {'audio': 0, 'reasoning': 0}}}
