2025-07-22-17-42-28|ARTICLE_WRITER|TRANSLATE|gpt-4o-mini|0|Building Your First AI Agent: A Step-by-Step Guide|1.05|{'content': 'Construire votre premier agent IA : Un guide étape par étape', 'additional_kwargs': {'refusal': None}, 'response_metadata': {'token_usage': {'completion_tokens': 12, 'prompt_tokens': 49, 'total_tokens': 61, 'completion_tokens_details': {'accepted_prediction_tokens': 0, 'audio_tokens': 0, 'reasoning_tokens': 0, 'rejected_prediction_tokens': 0}, 'prompt_tokens_details': {'audio_tokens': 0, 'cached_tokens': 0}}, 'model_name': 'gpt-4o-mini-2024-07-18', 'system_fingerprint': None, 'id': 'chatcmpl-BwAMM5idg3pUbTzGeO5I1XqnmABsL', 'service_tier': 'default', 'finish_reason': 'stop', 'logprobs': None}, 'type': 'ai', 'name': None, 'id': 'run--7ce6587e-016f-495b-8288-ca8d69f7752a-0', 'example': False, 'tool_calls': [], 'invalid_tool_calls': [], 'usage_metadata': {'input_tokens': 49, 'output_tokens': 12, 'total_tokens': 61, 'input_token_details': {'audio': 0, 'cache_read': 0}, 'output_token_details': {'audio': 0, 'reasoning': 0}}}
2025-07-22-17-42-40|ARTICLE_WRITER|TRANSLATE|gpt-4o-mini|0|Why AI Agents Will Replace Traditional Software|0.70|{'content': "Pourquoi les agents d'IA remplaceront les logiciels traditionnels", 'additional_kwargs': {'refusal': None}, 'response_metadata': {'token_usage': {'completion_tokens': 12, 'prompt_tokens': 45, 'total_tokens': 57, 'completion_tokens_details': {'accepted_prediction_tokens': 0, 'audio_tokens': 0, 'reasoning_tokens': 0, 'rejected_prediction_tokens': 0}, 'prompt_tokens_details': {'audio_tokens': 0, 'cached_tokens': 0}}, 'model_name': 'gpt-4o-mini-2024-07-18', 'system_fingerprint': None, 'id': 'chatcmpl-BwAMYKNANp4dw759m6Djm8fM7wviZ', 'service_tier': 'default', 'finish_reason': 'stop', 'logprobs': None}, 'type': 'ai', 'name': None, 'id': 'run--8ca9944d-f2ad-40ec-84c5-db0d3f065706-0', 'example': False, 'tool_calls': [], 'invalid_tool_calls': [], 'usage_metadata': {'input_tokens': 45, 'output_tokens': 12, 'total_tokens': 57, 'input_token_details': {'audio': 0, 'cache_read': 0}, 'output_token_details': {'audio': 0, 'reasoning': 0}}}
2025-07-22-17-42-50|ARTICLE_WRITER|TRANSLATE|gpt-4o-mini|0|The Ethics of Autonomous AI Decision-Making|0.60|{'content': "L'éthique de la prise de décision autonome par l'IA", 'additional_kwargs': {'refusal': None}, 'response_metadata': {'token_usage': {'completion_tokens': 13, 'prompt_tokens': 46, 'total_tokens': 59, 'completion_tokens_details': {'accepted_prediction_tokens': 0, 'audio_tokens': 0, 'reasoning_tokens': 0, 'rejected_prediction_tokens': 0}, 'prompt_tokens_details': {'audio_tokens': 0, 'cached_tokens': 0}}, 'model_name': 'gpt-4o-mini-2024-07-18', 'system_fingerprint': None, 'id': 'chatcmpl-BwAMikfaIDFBjp5Yq4Z0fQhkhsDDM', 'service_tier': 'default', 'finish_reason': 'stop', 'logprobs': None}, 'type': 'ai', 'name': None, 'id': 'run--f5f982c1-afb0-41c0-bb95-5c2536b6204f-0', 'example': False, 'tool_calls': [], 'invalid_tool_calls': [], 'usage_metadata': {'input_tokens': 46, 'output_tokens': 13, 'total_tokens': 59, 'input_token_details': {'audio': 0, 'cache_read': 0}, 'output_token_details': {'audio': 0, 'reasoning': 0}}}
2025-07-22-17-42-59|ARTICLE_WRITER|TRANSLATE|gpt-4o-mini|0|Multi-Agent Systems: When AI Agents Work Together|0.73|{'content': 'Systèmes Multi-Agents : Quand les Agents IA Travaillent Ensemble', 'additional_kwargs': {'refusal': None}, 'response_metadata': {'token_usage': {'completion_tokens': 15, 'prompt_tokens': 47, 'total_tokens': 62, 'completion_tokens_details': {'accepted_prediction_tokens': 0, 'audio_tokens': 0, 'reasoning_tokens': 0, 'rejected_prediction_tokens': 0}, 'prompt_tokens_details': {'audio_tokens': 0, 'cached_tokens': 0}}, 'model_name': 'gpt-4o-mini-2024-07-18', 'system_fingerprint': None, 'id': 'chatcmpl-BwAMrsD0nlX4u7wY7ztxUfFUBGO3n', 'service_tier': 'default', 'finish_reason': 'stop', 'logprobs': None}, 'type': 'ai', 'name': None, 'id': 'run--c84c4845-ba18-4135-8ba5-95d01bf44be6-0', 'example': False, 'tool_calls': [], 'invalid_tool_calls': [], 'usage_metadata': {'input_tokens': 47, 'output_tokens': 15, 'total_tokens': 62, 'input_token_details': {'audio': 0, 'cache_read': 0}, 'output_token_details': {'audio': 0, 'reasoning': 0}}}
2025-07-22-17-43-08|ARTICLE_WRITER|TRANSLATE|gpt-4o-mini|0|From Chatbots to AI Agents: The Evolution of Conversational AI|0.61|{'content': "Des chatbots aux agents IA : L'évolution de l'IA conversationnelle", 'additional_kwargs': {'refusal': None}, 'response_metadata': {'token_usage': {'completion_tokens': 15, 'prompt_tokens': 51, 'total_tokens': 66, 'completion_tokens_details': {'accepted_prediction_tokens': 0, 'audio_tokens': 0, 'reasoning_tokens': 0, 'rejected_prediction_tokens': 0}, 'prompt_tokens_details': {'audio_tokens': 0, 'cached_tokens': 0}}, 'model_name': 'gpt-4o-mini-2024-07-18', 'system_fingerprint': None, 'id': 'chatcmpl-BwAN0St1iMgbm3cNG6jwF19ynrGHL', 'service_tier': 'default', 'finish_reason': 'stop', 'logprobs': None}, 'type': 'ai', 'name': None, 'id': 'run--1f3a0866-ccd7-44e7-8738-04ca2a1baa66-0', 'example': False, 'tool_calls': [], 'invalid_tool_calls': [], 'usage_metadata': {'input_tokens': 51, 'output_tokens': 15, 'total_tokens': 66, 'input_token_details': {'audio': 0, 'cache_read': 0}, 'output_token_details': {'audio': 0, 'reasoning': 0}}}
2025-07-22-17-43-21|ARTICLE_WRITER|TRANSLATE|gpt-4o-mini|0|AI Agent Security: Protecting Against Prompt Injection Attacks|0.90|{'content': "Sécurité des agents d'IA : Protéger contre les attaques par injection de prompt", 'additional_kwargs': {'refusal': None}, 'response_metadata': {'token_usage': {'completion_tokens': 18, 'prompt_tokens': 49, 'total_tokens': 67, 'completion_tokens_details': {'accepted_prediction_tokens': 0, 'audio_tokens': 0, 'reasoning_tokens': 0, 'rejected_prediction_tokens': 0}, 'prompt_tokens_details': {'audio_tokens': 0, 'cached_tokens': 0}}, 'model_name': 'gpt-4o-mini-2024-07-18', 'system_fingerprint': None, 'id': 'chatcmpl-BwANDQmLaFtCBzAI0v1UM9LKnSg7G', 'service_tier': 'default', 'finish_reason': 'stop', 'logprobs': None}, 'type': 'ai', 'name': None, 'id': 'run--d6d2332b-8d9c-487b-8a0a-944fe9c5e72b-0', 'example': False, 'tool_calls': [], 'invalid_tool_calls': [], 'usage_metadata': {'input_tokens': 49, 'output_tokens': 18, 'total_tokens': 67, 'input_token_details': {'audio': 0, 'cache_read': 0}, 'output_token_details': {'audio': 0, 'reasoning': 0}}}
2025-07-22-17-43-32|ARTICLE_WRITER|TRANSLATE|gpt-4o-mini|0|The Future of Work: How AI Agents Will Transform Industries|0.87|{'content': "L'avenir du travail : Comment les agents d'IA transformeront les industries", 'additional_kwargs': {'refusal': None}, 'response_metadata': {'token_usage': {'completion_tokens': 15, 'prompt_tokens': 49, 'total_tokens': 64, 'completion_tokens_details': {'accepted_prediction_tokens': 0, 'audio_tokens': 0, 'reasoning_tokens': 0, 'rejected_prediction_tokens': 0}, 'prompt_tokens_details': {'audio_tokens': 0, 'cached_tokens': 0}}, 'model_name': 'gpt-4o-mini-2024-07-18', 'system_fingerprint': None, 'id': 'chatcmpl-BwANOsb6TPqmpActJ0x5OdfX42UbA', 'service_tier': 'default', 'finish_reason': 'stop', 'logprobs': None}, 'type': 'ai', 'name': None, 'id': 'run--9c4b6dfe-838c-4770-a33c-559ad9fcc839-0', 'example': False, 'tool_calls': [], 'invalid_tool_calls': [], 'usage_metadata': {'input_tokens': 49, 'output_tokens': 15, 'total_tokens': 64, 'input_token_details': {'audio': 0, 'cache_read': 0}, 'output_token_details': {'audio': 0, 'reasoning': 0}}}
2025-07-22-17-43-44|ARTICLE_WRITER|TRANSLATE|gpt-4o-mini|0|Training AI Agents with Reinforcement Learning|0.93|{'content': "Former des agents d'IA avec l'apprentissage par renforcement", 'additional_kwargs': {'refusal': None}, 'response_metadata': {'token_usage': {'completion_tokens': 13, 'prompt_tokens': 45, 'total_tokens': 58, 'completion_tokens_details': {'accepted_prediction_tokens': 0, 'audio_tokens': 0, 'reasoning_tokens': 0, 'rejected_prediction_tokens': 0}, 'prompt_tokens_details': {'audio_tokens': 0, 'cached_tokens': 0}}, 'model_name': 'gpt-4o-mini-2024-07-18', 'system_fingerprint': None, 'id': 'chatcmpl-BwANaASyRd9sv51nwpcMwBwknBkqy', 'service_tier': 'default', 'finish_reason': 'stop', 'logprobs': None}, 'type': 'ai', 'name': None, 'id': 'run--c68e7e81-ee0f-4230-ba6d-9189935b31bd-0', 'example': False, 'tool_calls': [], 'invalid_tool_calls': [], 'usage_metadata': {'input_tokens': 45, 'output_tokens': 13, 'total_tokens': 58, 'input_token_details': {'audio': 0, 'cache_read': 0}, 'output_token_details': {'audio': 0, 'reasoning': 0}}}
2025-07-22-17-43-57|ARTICLE_WRITER|TRANSLATE|gpt-4o-mini|0|AI Agent Memory Systems: Making Machines Remember|0.80|{'content': 'Systèmes de Mémoire des Agents IA : Faire en Sorte que les Machines se Souviennent', 'additional_kwargs': {'refusal': None}, 'response_metadata': {'token_usage': {'completion_tokens': 20, 'prompt_tokens': 46, 'total_tokens': 66, 'completion_tokens_details': {'accepted_prediction_tokens': 0, 'audio_tokens': 0, 'reasoning_tokens': 0, 'rejected_prediction_tokens': 0}, 'prompt_tokens_details': {'audio_tokens': 0, 'cached_tokens': 0}}, 'model_name': 'gpt-4o-mini-2024-07-18', 'system_fingerprint': None, 'id': 'chatcmpl-BwANn8lluiAoRWsL92Rl1yXs2jImK', 'service_tier': 'default', 'finish_reason': 'stop', 'logprobs': None}, 'type': 'ai', 'name': None, 'id': 'run--a61fddb3-1a4f-4ec3-a20e-71a3f77d7538-0', 'example': False, 'tool_calls': [], 'invalid_tool_calls': [], 'usage_metadata': {'input_tokens': 46, 'output_tokens': 20, 'total_tokens': 66, 'input_token_details': {'audio': 0, 'cache_read': 0}, 'output_token_details': {'audio': 0, 'reasoning': 0}}}
2025-07-22-17-44-10|ARTICLE_WRITER|TRANSLATE|gpt-4o-mini|0|Swarm Intelligence: What Ant Colonies Teach Us About AI|0.81|{'content': "Intelligence Collective : Ce que les Colonies de Fourmis Nous Apprennent sur l'IA", 'additional_kwargs': {'refusal': None}, 'response_metadata': {'token_usage': {'completion_tokens': 20, 'prompt_tokens': 50, 'total_tokens': 70, 'completion_tokens_details': {'accepted_prediction_tokens': 0, 'audio_tokens': 0, 'reasoning_tokens': 0, 'rejected_prediction_tokens': 0}, 'prompt_tokens_details': {'audio_tokens': 0, 'cached_tokens': 0}}, 'model_name': 'gpt-4o-mini-2024-07-18', 'system_fingerprint': None, 'id': 'chatcmpl-BwAO0iPg3t13guZXyjfOR3x3LkQMZ', 'service_tier': 'default', 'finish_reason': 'stop', 'logprobs': None}, 'type': 'ai', 'name': None, 'id': 'run--75399912-441e-424a-869d-17e6687601c4-0', 'example': False, 'tool_calls': [], 'invalid_tool_calls': [], 'usage_metadata': {'input_tokens': 50, 'output_tokens': 20, 'total_tokens': 70, 'input_token_details': {'audio': 0, 'cache_read': 0}, 'output_token_details': {'audio': 0, 'reasoning': 0}}}
2025-07-22-17-44-28|ARTICLE_WRITER|TRANSLATE|gpt-4o-mini|0|Building Trustworthy AI Agents for Healthcare|0.62|{'content': "Construire des agents d'IA fiables pour la santé", 'additional_kwargs': {'refusal': None}, 'response_metadata': {'token_usage': {'completion_tokens': 11, 'prompt_tokens': 45, 'total_tokens': 56, 'completion_tokens_details': {'accepted_prediction_tokens': 0, 'audio_tokens': 0, 'reasoning_tokens': 0, 'rejected_prediction_tokens': 0}, 'prompt_tokens_details': {'audio_tokens': 0, 'cached_tokens': 0}}, 'model_name': 'gpt-4o-mini-2024-07-18', 'system_fingerprint': None, 'id': 'chatcmpl-BwAOIpSchJX0NgnTnxvj22vLkTrhK', 'service_tier': 'default', 'finish_reason': 'stop', 'logprobs': None}, 'type': 'ai', 'name': None, 'id': 'run--2d0f94eb-40ef-410f-a050-3b8672f596bd-0', 'example': False, 'tool_calls': [], 'invalid_tool_calls': [], 'usage_metadata': {'input_tokens': 45, 'output_tokens': 11, 'total_tokens': 56, 'input_token_details': {'audio': 0, 'cache_read': 0}, 'output_token_details': {'audio': 0, 'reasoning': 0}}}
2025-07-22-17-44-39|ARTICLE_WRITER|TRANSLATE|gpt-4o-mini|0|The Economics of AI Agents: Cost vs. Human Labor|1.00|{'content': "L'économie des agents d'IA : Coût vs. Travail humain", 'additional_kwargs': {'refusal': None}, 'response_metadata': {'token_usage': {'completion_tokens': 14, 'prompt_tokens': 49, 'total_tokens': 63, 'completion_tokens_details': {'accepted_prediction_tokens': 0, 'audio_tokens': 0, 'reasoning_tokens': 0, 'rejected_prediction_tokens': 0}, 'prompt_tokens_details': {'audio_tokens': 0, 'cached_tokens': 0}}, 'model_name': 'gpt-4o-mini-2024-07-18', 'system_fingerprint': None, 'id': 'chatcmpl-BwAOTMS4Y2urMPGL8EpF87l2Rko0j', 'service_tier': 'default', 'finish_reason': 'stop', 'logprobs': None}, 'type': 'ai', 'name': None, 'id': 'run--d9a3d30b-9af8-49d8-9884-4485142bf698-0', 'example': False, 'tool_calls': [], 'invalid_tool_calls': [], 'usage_metadata': {'input_tokens': 49, 'output_tokens': 14, 'total_tokens': 63, 'input_token_details': {'audio': 0, 'cache_read': 0}, 'output_token_details': {'audio': 0, 'reasoning': 0}}}
2025-07-22-17-44-50|ARTICLE_WRITER|TRANSLATE|gpt-4o-mini|0|AI Agents in Gaming: Creating Intelligent NPCs|0.76|{'content': 'Agents IA dans les jeux vidéo : Créer des PNJ intelligents', 'additional_kwargs': {'refusal': None}, 'response_metadata': {'token_usage': {'completion_tokens': 14, 'prompt_tokens': 47, 'total_tokens': 61, 'completion_tokens_details': {'accepted_prediction_tokens': 0, 'audio_tokens': 0, 'reasoning_tokens': 0, 'rejected_prediction_tokens': 0}, 'prompt_tokens_details': {'audio_tokens': 0, 'cached_tokens': 0}}, 'model_name': 'gpt-4o-mini-2024-07-18', 'system_fingerprint': None, 'id': 'chatcmpl-BwAOeBYVEpSCEL2QgiVMqwKDOvUjk', 'service_tier': 'default', 'finish_reason': 'stop', 'logprobs': None}, 'type': 'ai', 'name': None, 'id': 'run--79c73b90-62a3-4e0b-abfc-b79dc044cb1e-0', 'example': False, 'tool_calls': [], 'invalid_tool_calls': [], 'usage_metadata': {'input_tokens': 47, 'output_tokens': 14, 'total_tokens': 61, 'input_token_details': {'audio': 0, 'cache_read': 0}, 'output_token_details': {'audio': 0, 'reasoning': 0}}}
2025-07-22-17-45-04|ARTICLE_WRITER|TRANSLATE|gpt-4o-mini|0|Debugging AI Agent Behavior: Tools and Techniques|0.71|{'content': 'Débogage du Comportement des Agents IA : Outils et Techniques', 'additional_kwargs': {'refusal': None}, 'response_metadata': {'token_usage': {'completion_tokens': 15, 'prompt_tokens': 47, 'total_tokens': 62, 'completion_tokens_details': {'accepted_prediction_tokens': 0, 'audio_tokens': 0, 'reasoning_tokens': 0, 'rejected_prediction_tokens': 0}, 'prompt_tokens_details': {'audio_tokens': 0, 'cached_tokens': 0}}, 'model_name': 'gpt-4o-mini-2024-07-18', 'system_fingerprint': None, 'id': 'chatcmpl-BwAOskT45b8Gnb1B95vEqhTXKEhiX', 'service_tier': 'default', 'finish_reason': 'stop', 'logprobs': None}, 'type': 'ai', 'name': None, 'id': 'run--de2b4a14-9482-4ac9-98e2-128c55d50d80-0', 'example': False, 'tool_calls': [], 'invalid_tool_calls': [], 'usage_metadata': {'input_tokens': 47, 'output_tokens': 15, 'total_tokens': 62, 'input_token_details': {'audio': 0, 'cache_read': 0}, 'output_token_details': {'audio': 0, 'reasoning': 0}}}
2025-07-22-17-45-22|ARTICLE_WRITER|TRANSLATE|gpt-4o-mini|0|AI Agent Orchestration: Managing Complex Workflows|0.63|{'content': 'Orchestration des agents IA : Gestion des flux de travail complexes', 'additional_kwargs': {'refusal': None}, 'response_metadata': {'token_usage': {'completion_tokens': 13, 'prompt_tokens': 48, 'total_tokens': 61, 'completion_tokens_details': {'accepted_prediction_tokens': 0, 'audio_tokens': 0, 'reasoning_tokens': 0, 'rejected_prediction_tokens': 0}, 'prompt_tokens_details': {'audio_tokens': 0, 'cached_tokens': 0}}, 'model_name': 'gpt-4o-mini-2024-07-18', 'system_fingerprint': None, 'id': 'chatcmpl-BwAPA63fzBmV95GmwCrgW5DSKxDmd', 'service_tier': 'default', 'finish_reason': 'stop', 'logprobs': None}, 'type': 'ai', 'name': None, 'id': 'run--964fa7ec-0341-47d9-a451-fbd0b887f676-0', 'example': False, 'tool_calls': [], 'invalid_tool_calls': [], 'usage_metadata': {'input_tokens': 48, 'output_tokens': 13, 'total_tokens': 61, 'input_token_details': {'audio': 0, 'cache_read': 0}, 'output_token_details': {'audio': 0, 'reasoning': 0}}}
2025-07-22-17-45-32|ARTICLE_WRITER|TRANSLATE|gpt-4o-mini|0|Natural Language Processing for AI Agent Communication|0.57|{'content': 'Traitement du langage naturel pour la communication des agents IA', 'additional_kwargs': {'refusal': None}, 'response_metadata': {'token_usage': {'completion_tokens': 11, 'prompt_tokens': 45, 'total_tokens': 56, 'completion_tokens_details': {'accepted_prediction_tokens': 0, 'audio_tokens': 0, 'reasoning_tokens': 0, 'rejected_prediction_tokens': 0}, 'prompt_tokens_details': {'audio_tokens': 0, 'cached_tokens': 0}}, 'model_name': 'gpt-4o-mini-2024-07-18', 'system_fingerprint': None, 'id': 'chatcmpl-BwAPLSLFEUb500thE0Y7k56pjAeZ3', 'service_tier': 'default', 'finish_reason': 'stop', 'logprobs': None}, 'type': 'ai', 'name': None, 'id': 'run--7105be3e-6083-4280-a80a-6f36b6ade70c-0', 'example': False, 'tool_calls': [], 'invalid_tool_calls': [], 'usage_metadata': {'input_tokens': 45, 'output_tokens': 11, 'total_tokens': 56, 'input_token_details': {'audio': 0, 'cache_read': 0}, 'output_token_details': {'audio': 0, 'reasoning': 0}}}
2025-07-22-17-45-47|ARTICLE_WRITER|TRANSLATE|gpt-4o-mini|0|AI Agents and Privacy: Balancing Personalization with Protection|0.67|{'content': 'Agents IA et Confidentialité : Équilibrer Personnalisation et Protection', 'additional_kwargs': {'refusal': None}, 'response_metadata': {'token_usage': {'completion_tokens': 15, 'prompt_tokens': 49, 'total_tokens': 64, 'completion_tokens_details': {'accepted_prediction_tokens': 0, 'audio_tokens': 0, 'reasoning_tokens': 0, 'rejected_prediction_tokens': 0}, 'prompt_tokens_details': {'audio_tokens': 0, 'cached_tokens': 0}}, 'model_name': 'gpt-4o-mini-2024-07-18', 'system_fingerprint': None, 'id': 'chatcmpl-BwAPZYiZ8fQew9n7RnhTMk2l6pE4i', 'service_tier': 'default', 'finish_reason': 'stop', 'logprobs': None}, 'type': 'ai', 'name': None, 'id': 'run--2abe0fe7-df82-41a3-aa04-78adcf95c0cb-0', 'example': False, 'tool_calls': [], 'invalid_tool_calls': [], 'usage_metadata': {'input_tokens': 49, 'output_tokens': 15, 'total_tokens': 64, 'input_token_details': {'audio': 0, 'cache_read': 0}, 'output_token_details': {'audio': 0, 'reasoning': 0}}}
2025-07-22-17-45-58|ARTICLE_WRITER|TRANSLATE|gpt-4o-mini|0|Building Explainable AI Agents for Critical Applications|0.97|{'content': "Construire des agents d'IA explicables pour des applications critiques", 'additional_kwargs': {'refusal': None}, 'response_metadata': {'token_usage': {'completion_tokens': 13, 'prompt_tokens': 46, 'total_tokens': 59, 'completion_tokens_details': {'accepted_prediction_tokens': 0, 'audio_tokens': 0, 'reasoning_tokens': 0, 'rejected_prediction_tokens': 0}, 'prompt_tokens_details': {'audio_tokens': 0, 'cached_tokens': 0}}, 'model_name': 'gpt-4o-mini-2024-07-18', 'system_fingerprint': None, 'id': 'chatcmpl-BwAPkYeifi6conG9GgFL2O6qCnwwq', 'service_tier': 'default', 'finish_reason': 'stop', 'logprobs': None}, 'type': 'ai', 'name': None, 'id': 'run--9e7b8f27-54c1-40c4-bff5-0f786fc4e959-0', 'example': False, 'tool_calls': [], 'invalid_tool_calls': [], 'usage_metadata': {'input_tokens': 46, 'output_tokens': 13, 'total_tokens': 59, 'input_token_details': {'audio': 0, 'cache_read': 0}, 'output_token_details': {'audio': 0, 'reasoning': 0}}}
2025-07-22-17-46-10|ARTICLE_WRITER|TRANSLATE|gpt-4o-mini|0|AI Agent Testing: Ensuring Reliability in Production|0.72|{'content': 'Test des agents IA : Assurer la fiabilité en production', 'additional_kwargs': {'refusal': None}, 'response_metadata': {'token_usage': {'completion_tokens': 12, 'prompt_tokens': 47, 'total_tokens': 59, 'completion_tokens_details': {'accepted_prediction_tokens': 0, 'audio_tokens': 0, 'reasoning_tokens': 0, 'rejected_prediction_tokens': 0}, 'prompt_tokens_details': {'audio_tokens': 0, 'cached_tokens': 0}}, 'model_name': 'gpt-4o-mini-2024-07-18', 'system_fingerprint': None, 'id': 'chatcmpl-BwAPwOPuFKzgWb367oaUF1m8mHbHl', 'service_tier': 'default', 'finish_reason': 'stop', 'logprobs': None}, 'type': 'ai', 'name': None, 'id': 'run--bcf55e3f-4064-41d5-bb2c-87e339e6ac7d-0', 'example': False, 'tool_calls': [], 'invalid_tool_calls': [], 'usage_metadata': {'input_tokens': 47, 'output_tokens': 12, 'total_tokens': 59, 'input_token_details': {'audio': 0, 'cache_read': 0}, 'output_token_details': {'audio': 0, 'reasoning': 0}}}
2025-07-22-17-46-24|ARTICLE_WRITER|TRANSLATE|gpt-4o-mini|0|The Role of AI Agents in Scientific Discovery|0.56|{'content': 'Le Rôle des Agents IA dans la Découverte Scientifique', 'additional_kwargs': {'refusal': None}, 'response_metadata': {'token_usage': {'completion_tokens': 12, 'prompt_tokens': 46, 'total_tokens': 58, 'completion_tokens_details': {'accepted_prediction_tokens': 0, 'audio_tokens': 0, 'reasoning_tokens': 0, 'rejected_prediction_tokens': 0}, 'prompt_tokens_details': {'audio_tokens': 0, 'cached_tokens': 0}}, 'model_name': 'gpt-4o-mini-2024-07-18', 'system_fingerprint': None, 'id': 'chatcmpl-BwAQAp3lu5OF2D4QIIKuLZX2LLAV2', 'service_tier': 'default', 'finish_reason': 'stop', 'logprobs': None}, 'type': 'ai', 'name': None, 'id': 'run--fc4d6eab-1976-4971-a522-3e24ce0f3068-0', 'example': False, 'tool_calls': [], 'invalid_tool_calls': [], 'usage_metadata': {'input_tokens': 46, 'output_tokens': 12, 'total_tokens': 58, 'input_token_details': {'audio': 0, 'cache_read': 0}, 'output_token_details': {'audio': 0, 'reasoning': 0}}}
2025-07-22-17-46-34|ARTICLE_WRITER|TRANSLATE|gpt-4o-mini|0|Democratizing AI: Making Agent Development Accessible|0.79|{'content': "Démocratiser l'IA : Rendre le développement d'agents accessible", 'additional_kwargs': {'refusal': None}, 'response_metadata': {'token_usage': {'completion_tokens': 17, 'prompt_tokens': 46, 'total_tokens': 63, 'completion_tokens_details': {'accepted_prediction_tokens': 0, 'audio_tokens': 0, 'reasoning_tokens': 0, 'rejected_prediction_tokens': 0}, 'prompt_tokens_details': {'audio_tokens': 0, 'cached_tokens': 0}}, 'model_name': 'gpt-4o-mini-2024-07-18', 'system_fingerprint': None, 'id': 'chatcmpl-BwAQKMHs5HWUsvg3n4LAPZWX1Yh8m', 'service_tier': 'default', 'finish_reason': 'stop', 'logprobs': None}, 'type': 'ai', 'name': None, 'id': 'run--663c4e15-ab33-485e-b252-428ce309543b-0', 'example': False, 'tool_calls': [], 'invalid_tool_calls': [], 'usage_metadata': {'input_tokens': 46, 'output_tokens': 17, 'total_tokens': 63, 'input_token_details': {'audio': 0, 'cache_read': 0}, 'output_token_details': {'audio': 0, 'reasoning': 0}}}
2025-07-22-17-46-42|ARTICLE_WRITER|TRANSLATE|gpt-4o-mini|0|AI Agents and Creativity: Can Machines Be Truly Original?|0.82|{'content': 'Agents IA et Créativité : Les Machines Peuvent-elles Être Vraiment Originales ?', 'additional_kwargs': {'refusal': None}, 'response_metadata': {'token_usage': {'completion_tokens': 19, 'prompt_tokens': 49, 'total_tokens': 68, 'completion_tokens_details': {'accepted_prediction_tokens': 0, 'audio_tokens': 0, 'reasoning_tokens': 0, 'rejected_prediction_tokens': 0}, 'prompt_tokens_details': {'audio_tokens': 0, 'cached_tokens': 0}}, 'model_name': 'gpt-4o-mini-2024-07-18', 'system_fingerprint': None, 'id': 'chatcmpl-BwAQSPe463vGBxE0TPt5QIDBYy960', 'service_tier': 'default', 'finish_reason': 'stop', 'logprobs': None}, 'type': 'ai', 'name': None, 'id': 'run--2b62fbc6-4aa5-482f-911c-17f5e552c8cf-0', 'example': False, 'tool_calls': [], 'invalid_tool_calls': [], 'usage_metadata': {'input_tokens': 49, 'output_tokens': 19, 'total_tokens': 68, 'input_token_details': {'audio': 0, 'cache_read': 0}, 'output_token_details': {'audio': 0, 'reasoning': 0}}}
2025-07-22-17-46-55|ARTICLE_WRITER|TRANSLATE|gpt-4o-mini|0|Scaling AI Agent Deployments: Lessons from the Trenches|0.78|{'content': "Déployer des agents d'IA à grande échelle : Leçons du terrain", 'additional_kwargs': {'refusal': None}, 'response_metadata': {'token_usage': {'completion_tokens': 16, 'prompt_tokens': 49, 'total_tokens': 65, 'completion_tokens_details': {'accepted_prediction_tokens': 0, 'audio_tokens': 0, 'reasoning_tokens': 0, 'rejected_prediction_tokens': 0}, 'prompt_tokens_details': {'audio_tokens': 0, 'cached_tokens': 0}}, 'model_name': 'gpt-4o-mini-2024-07-18', 'system_fingerprint': None, 'id': 'chatcmpl-BwAQfIEiW5kgbRoT0FbRHvthPubxo', 'service_tier': 'default', 'finish_reason': 'stop', 'logprobs': None}, 'type': 'ai', 'name': None, 'id': 'run--af1a1f65-1f01-4af1-a85c-4e5df43cc3fd-0', 'example': False, 'tool_calls': [], 'invalid_tool_calls': [], 'usage_metadata': {'input_tokens': 49, 'output_tokens': 16, 'total_tokens': 65, 'input_token_details': {'audio': 0, 'cache_read': 0}, 'output_token_details': {'audio': 0, 'reasoning': 0}}}
2025-07-22-17-47-10|ARTICLE_WRITER|TRANSLATE|gpt-4o-mini|0|AI Agent Bias: Detection and Mitigation Strategies|5.88|{'content': "Biais des agents d'IA : stratégies de détection et d'atténuation", 'additional_kwargs': {'refusal': None}, 'response_metadata': {'token_usage': {'completion_tokens': 17, 'prompt_tokens': 47, 'total_tokens': 64, 'completion_tokens_details': {'accepted_prediction_tokens': 0, 'audio_tokens': 0, 'reasoning_tokens': 0, 'rejected_prediction_tokens': 0}, 'prompt_tokens_details': {'audio_tokens': 0, 'cached_tokens': 0}}, 'model_name': 'gpt-4o-mini-2024-07-18', 'system_fingerprint': None, 'id': 'chatcmpl-BwAQubpr2LL4O6eUAxEA4jqWz9kwe', 'service_tier': 'default', 'finish_reason': 'stop', 'logprobs': None}, 'type': 'ai', 'name': None, 'id': 'run--c8f358a0-4eac-4dd1-aea1-1726dabe8fba-0', 'example': False, 'tool_calls': [], 'invalid_tool_calls': [], 'usage_metadata': {'input_tokens': 47, 'output_tokens': 17, 'total_tokens': 64, 'input_token_details': {'audio': 0, 'cache_read': 0}, 'output_token_details': {'audio': 0, 'reasoning': 0}}}
2025-07-22-17-47-22|ARTICLE_WRITER|TRANSLATE|gpt-4o-mini|0|The Neuroscience Behind AI Agent Decision-Making|0.59|{'content': "La neuroscience derrière la prise de décision des agents d'IA", 'additional_kwargs': {'refusal': None}, 'response_metadata': {'token_usage': {'completion_tokens': 12, 'prompt_tokens': 47, 'total_tokens': 59, 'completion_tokens_details': {'accepted_prediction_tokens': 0, 'audio_tokens': 0, 'reasoning_tokens': 0, 'rejected_prediction_tokens': 0}, 'prompt_tokens_details': {'audio_tokens': 0, 'cached_tokens': 0}}, 'model_name': 'gpt-4o-mini-2024-07-18', 'system_fingerprint': None, 'id': 'chatcmpl-BwAR73oYOJqhjx0NHmGWesM3JLq6u', 'service_tier': 'default', 'finish_reason': 'stop', 'logprobs': None}, 'type': 'ai', 'name': None, 'id': 'run--4dcd6848-a034-4845-bc9a-ce19fe51921f-0', 'example': False, 'tool_calls': [], 'invalid_tool_calls': [], 'usage_metadata': {'input_tokens': 47, 'output_tokens': 12, 'total_tokens': 59, 'input_token_details': {'audio': 0, 'cache_read': 0}, 'output_token_details': {'audio': 0, 'reasoning': 0}}}
2025-07-22-17-47-35|ARTICLE_WRITER|TRANSLATE|gpt-4o-mini|0|AI Agents in Edge Computing: Processing at the Source|0.82|{'content': "Agents IA dans l'informatique en périphérie : Traitement à la source", 'additional_kwargs': {'refusal': None}, 'response_metadata': {'token_usage': {'completion_tokens': 16, 'prompt_tokens': 48, 'total_tokens': 64, 'completion_tokens_details': {'accepted_prediction_tokens': 0, 'audio_tokens': 0, 'reasoning_tokens': 0, 'rejected_prediction_tokens': 0}, 'prompt_tokens_details': {'audio_tokens': 0, 'cached_tokens': 0}}, 'model_name': 'gpt-4o-mini-2024-07-18', 'system_fingerprint': None, 'id': 'chatcmpl-BwARJJMOCCPv6EhTG4BCvIitqh0U4', 'service_tier': 'default', 'finish_reason': 'stop', 'logprobs': None}, 'type': 'ai', 'name': None, 'id': 'run--6b203975-343f-4d78-8fb1-6fc11cd79b5c-0', 'example': False, 'tool_calls': [], 'invalid_tool_calls': [], 'usage_metadata': {'input_tokens': 48, 'output_tokens': 16, 'total_tokens': 64, 'input_token_details': {'audio': 0, 'cache_read': 0}, 'output_token_details': {'audio': 0, 'reasoning': 0}}}
2025-07-22-17-47-44|ARTICLE_WRITER|TRANSLATE|gpt-4o-mini|0|Conversational AI Agents: Beyond Question and Answer|0.56|{'content': "Agents d'IA conversationnelle : Au-delà des questions et réponses", 'additional_kwargs': {'refusal': None}, 'response_metadata': {'token_usage': {'completion_tokens': 13, 'prompt_tokens': 47, 'total_tokens': 60, 'completion_tokens_details': {'accepted_prediction_tokens': 0, 'audio_tokens': 0, 'reasoning_tokens': 0, 'rejected_prediction_tokens': 0}, 'prompt_tokens_details': {'audio_tokens': 0, 'cached_tokens': 0}}, 'model_name': 'gpt-4o-mini-2024-07-18', 'system_fingerprint': None, 'id': 'chatcmpl-BwARS3JM0RR1TLNmRm9Y35ycnEZnv', 'service_tier': 'default', 'finish_reason': 'stop', 'logprobs': None}, 'type': 'ai', 'name': None, 'id': 'run--34355262-2c65-4523-ac9a-f89596ea61fb-0', 'example': False, 'tool_calls': [], 'invalid_tool_calls': [], 'usage_metadata': {'input_tokens': 47, 'output_tokens': 13, 'total_tokens': 60, 'input_token_details': {'audio': 0, 'cache_read': 0}, 'output_token_details': {'audio': 0, 'reasoning': 0}}}
2025-07-22-17-47-56|ARTICLE_WRITER|TRANSLATE|gpt-4o-mini|0|AI Agent Interoperability: Making Different Systems Work Together|0.76|{'content': 'Interopérabilité des agents IA : Faire fonctionner différents systèmes ensemble', 'additional_kwargs': {'refusal': None}, 'response_metadata': {'token_usage': {'completion_tokens': 12, 'prompt_tokens': 49, 'total_tokens': 61, 'completion_tokens_details': {'accepted_prediction_tokens': 0, 'audio_tokens': 0, 'reasoning_tokens': 0, 'rejected_prediction_tokens': 0}, 'prompt_tokens_details': {'audio_tokens': 0, 'cached_tokens': 0}}, 'model_name': 'gpt-4o-mini-2024-07-18', 'system_fingerprint': None, 'id': 'chatcmpl-BwAReYT2DM2i8SWkJscXPa9Io4Ug2', 'service_tier': 'default', 'finish_reason': 'stop', 'logprobs': None}, 'type': 'ai', 'name': None, 'id': 'run--40b1f384-b16b-4791-a69f-a4253733659c-0', 'example': False, 'tool_calls': [], 'invalid_tool_calls': [], 'usage_metadata': {'input_tokens': 49, 'output_tokens': 12, 'total_tokens': 61, 'input_token_details': {'audio': 0, 'cache_read': 0}, 'output_token_details': {'audio': 0, 'reasoning': 0}}}
2025-07-22-17-48-09|ARTICLE_WRITER|TRANSLATE|gpt-4o-mini|0|The Environmental Impact of AI Agent Infrastructure|2.45|{'content': "L'impact environnemental de l'infrastructure des agents d'IA", 'additional_kwargs': {'refusal': None}, 'response_metadata': {'token_usage': {'completion_tokens': 14, 'prompt_tokens': 45, 'total_tokens': 59, 'completion_tokens_details': {'accepted_prediction_tokens': 0, 'audio_tokens': 0, 'reasoning_tokens': 0, 'rejected_prediction_tokens': 0}, 'prompt_tokens_details': {'audio_tokens': 0, 'cached_tokens': 0}}, 'model_name': 'gpt-4o-mini-2024-07-18', 'system_fingerprint': None, 'id': 'chatcmpl-BwARru1Ivt7A56jhJJNUxBqmM1mbM', 'service_tier': 'default', 'finish_reason': 'stop', 'logprobs': None}, 'type': 'ai', 'name': None, 'id': 'run--d3620233-f399-463d-83be-5ffc918e8738-0', 'example': False, 'tool_calls': [], 'invalid_tool_calls': [], 'usage_metadata': {'input_tokens': 45, 'output_tokens': 14, 'total_tokens': 59, 'input_token_details': {'audio': 0, 'cache_read': 0}, 'output_token_details': {'audio': 0, 'reasoning': 0}}}
2025-07-22-17-48-21|ARTICLE_WRITER|TRANSLATE|gpt-4o-mini|0|AI Agents and Human Creativity: Collaboration, Not Competition|0.83|{'content': 'Agents IA et Créativité Humaine : Collaboration, Pas Compétition', 'additional_kwargs': {'refusal': None}, 'response_metadata': {'token_usage': {'completion_tokens': 15, 'prompt_tokens': 48, 'total_tokens': 63, 'completion_tokens_details': {'accepted_prediction_tokens': 0, 'audio_tokens': 0, 'reasoning_tokens': 0, 'rejected_prediction_tokens': 0}, 'prompt_tokens_details': {'audio_tokens': 0, 'cached_tokens': 0}}, 'model_name': 'gpt-4o-mini-2024-07-18', 'system_fingerprint': None, 'id': 'chatcmpl-BwAS3p7JtOzZbChb17ipuU6DV3OKl', 'service_tier': 'default', 'finish_reason': 'stop', 'logprobs': None}, 'type': 'ai', 'name': None, 'id': 'run--14ee5b9d-faae-400c-ac06-209799c17c09-0', 'example': False, 'tool_calls': [], 'invalid_tool_calls': [], 'usage_metadata': {'input_tokens': 48, 'output_tokens': 15, 'total_tokens': 63, 'input_token_details': {'audio': 0, 'cache_read': 0}, 'output_token_details': {'audio': 0, 'reasoning': 0}}}
