2025-07-22-17-42-25|ARTICLE_WRITER|EVALUATOR|gpt-4o-mini|0|The Art of Sourdough: From Starter to Perfect Loaf|no|no|6|5|0.82
2025-07-22-17-42-25|ARTICLE_WRITER|EVALUATOR|gpt-4o-mini|0|Building Your First AI Agent: A Step-by-Step Guide|yes|yes|6|5|0.51
2025-07-22-17-42-35|ARTICLE_WRITER|EVALUATOR|gpt-4o-mini|0|Minimalist Living: How Less Can Mean More|no|no|6|5|0.49
2025-07-22-17-42-36|ARTICLE_WRITER|EVALUATOR|gpt-4o-mini|0|Why AI Agents Will Replace Traditional Software|yes|yes|6|5|0.60
2025-07-22-17-42-47|ARTICLE_WRITER|EVALUATOR|gpt-4o-mini|0|Urban Gardening in Small Spaces: Maximizing Your Harvest|no|no|6|5|0.62
2025-07-22-17-42-48|ARTICLE_WRITER|EVALUATOR|gpt-4o-mini|0|The Ethics of Autonomous AI Decision-Making|yes|yes|6|5|0.85
2025-07-22-17-42-55|ARTICLE_WRITER|EVALUATOR|gpt-4o-mini|0|The Psychology of Color in Interior Design|no|no|6|5|0.47
2025-07-22-17-42-56|ARTICLE_WRITER|EVALUATOR|gpt-4o-mini|0|Multi-Agent Systems: When AI Agents Work Together|yes|yes|6|5|0.52
2025-07-22-17-43-05|ARTICLE_WRITER|EVALUATOR|gpt-4o-mini|0|Mastering the Pour-Over: A Coffee Enthusiast's Guide|no|no|6|5|0.67
2025-07-22-17-43-05|ARTICLE_WRITER|EVALUATOR|gpt-4o-mini|0|From Chatbots to AI Agents: The Evolution of Conversational AI|yes|yes|6|5|0.63
2025-07-22-17-43-18|ARTICLE_WRITER|EVALUATOR|gpt-4o-mini|0|Digital Detox: Reclaiming Your Time in a Connected World|no|no|6|5|0.54
2025-07-22-17-43-19|ARTICLE_WRITER|EVALUATOR|gpt-4o-mini|0|AI Agent Security: Protecting Against Prompt Injection Attacks|yes|yes|6|5|0.76
2025-07-22-17-43-29|ARTICLE_WRITER|EVALUATOR|gpt-4o-mini|0|Sustainable Fashion: Building an Eco-Friendly Wardrobe|no|no|6|5|0.53
2025-07-22-17-43-29|ARTICLE_WRITER|EVALUATOR|gpt-4o-mini|0|The Future of Work: How AI Agents Will Transform Industries|yes|yes|6|5|0.41
2025-07-22-17-43-40|ARTICLE_WRITER|EVALUATOR|gpt-4o-mini|0|The Science of Sleep: Optimizing Your Rest for Peak Performance|no|no|6|5|0.57
2025-07-22-17-43-41|ARTICLE_WRITER|EVALUATOR|gpt-4o-mini|0|Training AI Agents with Reinforcement Learning|yes|yes|6|5|0.51
2025-07-22-17-43-53|ARTICLE_WRITER|EVALUATOR|gpt-4o-mini|0|Mediterranean Diet: Recipes for Longevity and Health|no|no|6|5|0.76
2025-07-22-17-43-54|ARTICLE_WRITER|EVALUATOR|gpt-4o-mini|0|AI Agent Memory Systems: Making Machines Remember|yes|yes|6|5|1.24
2025-07-22-17-44-06|ARTICLE_WRITER|EVALUATOR|gpt-4o-mini|0|The Renaissance of Vinyl: Why Analog Audio Is Making a Comeback|no|no|6|5|0.74
2025-07-22-17-44-07|ARTICLE_WRITER|EVALUATOR|gpt-4o-mini|0|Swarm Intelligence: What Ant Colonies Teach Us About AI|yes|yes|6|5|0.49
2025-07-22-17-44-25|ARTICLE_WRITER|EVALUATOR|gpt-4o-mini|0|Wild Mushroom Foraging: A Beginner's Safety Guide|no|no|6|5|0.49
2025-07-22-17-44-26|ARTICLE_WRITER|EVALUATOR|gpt-4o-mini|0|Building Trustworthy AI Agents for Healthcare|yes|yes|6|5|0.55
2025-07-22-17-44-34|ARTICLE_WRITER|EVALUATOR|gpt-4o-mini|0|Street Photography: Capturing Life's Unguarded Moments|no|no|6|5|0.46
2025-07-22-17-44-35|ARTICLE_WRITER|EVALUATOR|gpt-4o-mini|0|The Economics of AI Agents: Cost vs. Human Labor|yes|yes|6|5|0.57
2025-07-22-17-44-46|ARTICLE_WRITER|EVALUATOR|gpt-4o-mini|0|The Lost Art of Letter Writing in the Digital Age|no|no|6|5|0.68
2025-07-22-17-44-48|ARTICLE_WRITER|EVALUATOR|gpt-4o-mini|0|AI Agents in Gaming: Creating Intelligent NPCs|yes|yes|6|5|1.64
2025-07-22-17-45-01|ARTICLE_WRITER|EVALUATOR|gpt-4o-mini|0|Beekeeping for Beginners: Your First Hive Setup|no|no|6|5|2.46
2025-07-22-17-45-01|ARTICLE_WRITER|EVALUATOR|gpt-4o-mini|0|Debugging AI Agent Behavior: Tools and Techniques|yes|yes|6|5|0.66
2025-07-22-17-45-19|ARTICLE_WRITER|EVALUATOR|gpt-4o-mini|0|The Philosophy of Slow Travel: Depth Over Distance|no|no|6|5|7.20
2025-07-22-17-45-20|ARTICLE_WRITER|EVALUATOR|gpt-4o-mini|0|AI Agent Orchestration: Managing Complex Workflows|yes|yes|6|5|0.52
2025-07-22-17-45-30|ARTICLE_WRITER|EVALUATOR|gpt-4o-mini|0|Woodworking Fundamentals: Your First Project Guide|no|no|6|5|0.68
2025-07-22-17-45-30|ARTICLE_WRITER|EVALUATOR|gpt-4o-mini|0|Natural Language Processing for AI Agent Communication|yes|yes|6|5|0.48
2025-07-22-17-45-43|ARTICLE_WRITER|EVALUATOR|gpt-4o-mini|0|The Healing Power of Forest Bathing|no|no|6|5|0.60
2025-07-22-17-45-43|ARTICLE_WRITER|EVALUATOR|gpt-4o-mini|0|AI Agents and Privacy: Balancing Personalization with Protection|yes|yes|6|5|0.73
2025-07-22-17-45-54|ARTICLE_WRITER|EVALUATOR|gpt-4o-mini|0|Fermentation Nation: Kombucha, Kimchi, and Beyond|no|no|6|5|0.66
2025-07-22-17-45-55|ARTICLE_WRITER|EVALUATOR|gpt-4o-mini|0|Building Explainable AI Agents for Critical Applications|yes|yes|6|5|0.46
2025-07-22-17-46-06|ARTICLE_WRITER|EVALUATOR|gpt-4o-mini|0|The Art of Bonsai: Patience and Precision in Miniature|no|no|6|5|0.46
2025-07-22-17-46-07|ARTICLE_WRITER|EVALUATOR|gpt-4o-mini|0|AI Agent Testing: Ensuring Reliability in Production|yes|yes|6|5|0.80
2025-07-22-17-46-20|ARTICLE_WRITER|EVALUATOR|gpt-4o-mini|0|Vintage Watch Collecting: A Timeless Hobby|no|no|6|5|0.62
2025-07-22-17-46-21|ARTICLE_WRITER|EVALUATOR|gpt-4o-mini|0|The Role of AI Agents in Scientific Discovery|yes|yes|6|5|0.48
2025-07-22-17-46-30|ARTICLE_WRITER|EVALUATOR|gpt-4o-mini|0|The Unexpected Benefits of Cold Water Swimming|no|no|6|5|0.56
2025-07-22-17-46-31|ARTICLE_WRITER|EVALUATOR|gpt-4o-mini|0|Democratizing AI: Making Agent Development Accessible|yes|yes|6|5|0.42
2025-07-22-17-46-39|ARTICLE_WRITER|EVALUATOR|gpt-4o-mini|0|Homebrewing 101: Crafting Your Perfect Beer|no|no|6|5|0.53
2025-07-22-17-46-40|ARTICLE_WRITER|EVALUATOR|gpt-4o-mini|0|AI Agents and Creativity: Can Machines Be Truly Original?|yes|yes|6|5|0.55
2025-07-22-17-46-52|ARTICLE_WRITER|EVALUATOR|gpt-4o-mini|0|The Joy of Bird Watching: Connecting with Nature|no|no|6|5|0.46
2025-07-22-17-46-52|ARTICLE_WRITER|EVALUATOR|gpt-4o-mini|0|Scaling AI Agent Deployments: Lessons from the Trenches|yes|yes|no|6|5|0.47
2025-07-22-17-47-02|ARTICLE_WRITER|EVALUATOR|gpt-4o-mini|0|Calligraphy Revival: The Meditative Art of Beautiful Writing|no|no|6|5|0.64
2025-07-22-17-47-02|ARTICLE_WRITER|EVALUATOR|gpt-4o-mini|0|AI Agent Bias: Detection and Mitigation Strategies|yes|yes|6|5|0.46
2025-07-22-17-47-19|ARTICLE_WRITER|EVALUATOR|gpt-4o-mini|0|Edible Landscaping: Beauty You Can Eat|no|no|6|5|0.50
2025-07-22-17-47-20|ARTICLE_WRITER|EVALUATOR|gpt-4o-mini|0|The Neuroscience Behind AI Agent Decision-Making|yes|yes|6|5|0.52
2025-07-22-17-47-31|ARTICLE_WRITER|EVALUATOR|gpt-4o-mini|0|The Mathematics of Origami: Folding Complexity from Simplicity|no|no|6|5|2.60
2025-07-22-17-47-32|ARTICLE_WRITER|EVALUATOR|gpt-4o-mini|0|AI Agents in Edge Computing: Processing at the Source|yes|yes|6|5|0.46
2025-07-22-17-47-42|ARTICLE_WRITER|EVALUATOR|gpt-4o-mini|0|Stargazing Guide: Navigating the Night Sky|no|no|6|5|0.44
2025-07-22-17-47-42|ARTICLE_WRITER|EVALUATOR|gpt-4o-mini|0|Conversational AI Agents: Beyond Question and Answer|yes|yes|6|5|0.42
2025-07-22-17-47-51|ARTICLE_WRITER|EVALUATOR|gpt-4o-mini|0|The Ancient Practice of Tai Chi for Modern Wellness|no|no|6|5|0.42
2025-07-22-17-47-53|ARTICLE_WRITER|EVALUATOR|gpt-4o-mini|0|AI Agent Interoperability: Making Different Systems Work Together|yes|yes|6|5|1.39
2025-07-22-17-48-03|ARTICLE_WRITER|EVALUATOR|gpt-4o-mini|0|Cheese Making at Home: From Milk to Aged Perfection|no|no|6|5|0.58
2025-07-22-17-48-04|ARTICLE_WRITER|EVALUATOR|gpt-4o-mini|0|The Environmental Impact of AI Agent Infrastructure|yes|yes|6|5|0.67
2025-07-22-17-48-18|ARTICLE_WRITER|EVALUATOR|gpt-4o-mini|0|The Therapeutic Benefits of Pottery and Clay Work|no|no|6|5|0.54
2025-07-22-17-48-19|ARTICLE_WRITER|EVALUATOR|gpt-4o-mini|0|AI Agents and Human Creativity: Collaboration, Not Competition|yes|yes|6|5|0.49
